chembl_id,canonical_smiles,helm_notation,target,activity_type,pchembl_value,standard_value,standard_units,n_measurements,assay_type,confidence_score
CHEMBL3349522,C[C@H](N)C(=O)N[C@@H](C)C(=O)N[C@H]1CSSC[C@@H](C(N)=O)NC(=O)[C@H](CO)NC(=O)[C@H]([C@@H](C)O)NC(=O)[C@H](Cc2ccccc2)NC(=O)[C@H]([C@@H](C)O)NC(=O)[C@H](CCCCN)NC(=O)[C@H](Cc2c[nH]c3ccccc23)NC(=O)[C@H](Cc2ccccc2)NC(=O)[C@H](Cc2ccccc2)NC(=O)[C@H](CC(N)=O)NC(=O)[C@H](CCCCN)NC1=O,"PEPTIDE1{A.A.C.K.N.F.F.W.K.T.F.T.S.C.[am]}$PEPTIDE1,PEPTIDE1,14:R3-3:R3$$$",Somatostatin receptor type 2,Ki,9.8,0.1585,nM,1,B,8
CHEMBL3349513,C[C@H](N)C(=O)NCC(=O)N[C@H]1CSSC[C@@H](C(=O)O)NC(=O)[C@H](CO)NC(=O)[C@H]([C@@H](C)O)NC(=O)[C@H](Cc2ccccc2)NC(=O)[C@H]([C@@H](C)O)NC(=O)[C@H](CCCCN)NC(=O)[C@H](Cc2c[nH]c3ccccc23)NC(=O)[C@H](Cc2ccccc2)NC(=O)[C@H](Cc2ccccc2)NC(=O)[C@H](CC(N)=O)NC(=O)[C@H](C)NC1=O,"PEPTIDE1{A.G.C.A.N.F.F.W.K.T.F.T.S.C}$PEPTIDE1,PEPTIDE1,14:R3-3:R3$$$",Somatostatin receptor type 2,Ki,9.3,0.5012,nM,1,B,8
CHEMBL3349521,C[C@H](N)C(=O)NCC(=O)N[C@H]1CSSC[C@@H](C(N)=O)NC(=O)[C@H](CO)NC(=O)[C@H]([C@@H](C)O)NC(=O)[C@H](Cc2ccccc2)NC(=O)[C@H]([C@@H](C)O)NC(=O)[C@H](CCCCN)NC(=O)[C@H](Cc2c[nH]c3ccccc23)NC(=O)[C@H](Cc2ccccc2)NC(=O)[C@H](Cc2ccccc2)NC(=O)[C@H](C)NC(=O)[C@H](CCCCN)NC1=O,"PEPTIDE1{A.G.C.K.A.F.F.W.K.T.F.T.S.C.[am]}$PEPTIDE1,PEPTIDE1,14:R3-3:R3$$$",Somatostatin receptor type 2,Ki,9.9,0.1259,nM,1,B,8
CHEMBL3349525,C[C@H](N)C(=O)NCC(=O)N[C@H]1CSSC[C@@H](C(N)=O)NC(=O)[C@H](CO)NC(=O)[C@H]([C@@H](C)O)NC(=O)[C@H](Cc2ccccc2)NC(=O)[C@H]([C@@H](C)O)NC(=O)[C@H](C)NC(=O)[C@H](Cc2c[nH]c3ccccc23)NC(=O)[C@H](Cc2ccccc2)NC(=O)[C@H](Cc2ccccc2)NC(=O)[C@H](CC(N)=O)NC(=O)[C@H](CCCCN)NC1=O,"PEPTIDE1{A.G.C.K.N.F.F.W.A.T.F.T.S.C.[am]}$PEPTIDE1,PEPTIDE1,14:R3-3:R3$$$",Somatostatin receptor type 2,Ki,6.0,1000.0,nM,1,B,8
CHEMBL3349524,C[C@H](N)C(=O)NCC(=O)N[C@H]1CSSC[C@@H](C(N)=O)NC(=O)[C@H](CO)NC(=O)[C@H]([C@@H](C)O)NC(=O)[C@H](Cc2ccccc2)NC(=O)[C@H](C)NC(=O)[C@H](CCCCN)NC(=O)[C@H](Cc2c[nH]c3ccccc23)NC(=O)[C@H](Cc2ccccc2)NC(=O)[C@H](Cc2ccccc2)NC(=O)[C@H](CC(N)=O)NC(=O)[C@H](CCCCN)NC1=O,"PEPTIDE1{A.G.C.K.N.F.F.W.K.A.F.T.S.C.[am]}$PEPTIDE1,PEPTIDE1,14:R3-3:R3$$$",Somatostatin receptor type 2,Ki,9.0,1.0,nM,1,B,8
CHEMBL3349517,C[C@H](N)C(=O)NCC(=O)N[C@H]1CSSC[C@@H](C(N)=O)NC(=O)[C@H](CO)NC(=O)[C@H](C)NC(=O)[C@H](Cc2ccccc2)NC(=O)[C@H]([C@@H](C)O)NC(=O)[C@H](CCCCN)NC(=O)[C@H](Cc2c[nH]c3ccccc23)NC(=O)[C@H](Cc2ccccc2)NC(=O)[C@H](Cc2ccccc2)NC(=O)[C@H](CC(N)=O)NC(=O)[C@H](CCCCN)NC1=O,"PEPTIDE1{A.G.C.K.N.F.F.W.K.T.F.A.S.C.[am]}$PEPTIDE1,PEPTIDE1,14:R3-3:R3$$$",Somatostatin receptor type 2,Ki,8.9,1.259,nM,1,B,8
CHEMBL3349516,C[C@H](N)C(=O)NCC(=O)N[C@H]1CSSC[C@@H](C(N)=O)NC(=O)[C@H](C)NC(=O)[C@H]([C@@H](C)O)NC(=O)[C@H](Cc2ccccc2)NC(=O)[C@H]([C@@H](C)O)NC(=O)[C@H](CCCCN)NC(=O)[C@H](Cc2c[nH]c3ccccc23)NC(=O)[C@H](Cc2ccccc2)NC(=O)[C@H](Cc2ccccc2)NC(=O)[C@H](CC(N)=O)NC(=O)[C@H](CCCCN)NC1=O,"PEPTIDE1{A.G.C.K.N.F.F.W.K.T.F.T.A.C.[am]}$PEPTIDE1,PEPTIDE1,14:R3-3:R3$$$",Somatostatin receptor type 2,Ki,10.1,0.07943,nM,1,B,8
CHEMBL1823872,C[C@H](N)C(=O)NCC(=O)N[C@H]1CSSC[C@@H](C(=O)O)NC(=O)[C@H](CO)NC(=O)[C@H]([C@@H](C)O)NC(=O)[C@H](Cc2ccccc2)NC(=O)[C@H]([C@@H](C)O)NC(=O)[C@H](CCCCN)NC(=O)[C@H](Cc2c[nH]c3ccccc23)NC(=O)[C@H](Cc2ccccc2)NC(=O)[C@H](Cc2ccccc2)NC(=O)[C@H](CC(N)=O)NC(=O)[C@H](CCCCN)NC1=O,"PEPTIDE1{A.G.C.K.N.F.F.W.K.T.F.T.S.C}$PEPTIDE1,PEPTIDE1,14:R3-3:R3$$$",Somatostatin receptor type 2,Ki,10.08,0.1995,nM,1,B,8
CHEMBL1823873,C[C@H](N)C(=O)NCC(=O)N[C@H]1CSSC[C@@H](C(=O)O)NC(=O)[C@H](CO)NC(=O)[C@H]([C@@H](C)O)NC(=O)[C@H](Cc2ccccc2)NC(=O)[C@H]([C@@H](C)O)NC(=O)[C@H](CCCCN)NC(=O)[C@@H](Cc2c[nH]c3ccccc23)NC(=O)[C@H](Cc2ccccc2)NC(=O)[C@H](Cc2ccccc2)NC(=O)[C@H](CC(N)=O)NC(=O)[C@H](CCCCN)NC1=O,"PEPTIDE1{A.G.C.K.N.F.F.[dW].K.T.F.T.S.C}$PEPTIDE1,PEPTIDE1,14:R3-3:R3$$$",Somatostatin receptor type 2,IC50,8.96,1.1,nM,1,B,9
CHEMBL3349598,C[C@H](N)C(=O)NCC(=O)N[C@@H]1CSSC[C@@H](C(=O)O)NC(=O)[C@H](CO)NC(=O)[C@H]([C@@H](C)O)NC(=O)[C@H](Cc2ccccc2)NC(=O)[C@H]([C@@H](C)O)NC(=O)[C@H](CCCCN)NC(=O)[C@@H](Cc2c[nH]c3ccccc23)NC(=O)[C@H](Cc2ccccc2)NC(=O)[C@@H](Cc2ccccc2)NC(=O)[C@H](CC(N)=O)NC(=O)[C@H](CCCCN)NC1=O,"PEPTIDE1{A.G.[dC].K.N.[dF].F.[dW].K.T.F.T.S.C}$PEPTIDE1,PEPTIDE1,14:R3-3:R3$$$",Somatostatin receptor type 2,IC50,7.46,34.7,nM,1,B,8
CHEMBL408362,C[C@H](N)C(=O)NCC(=O)N[C@@H]1CSSC[C@@H](C(=O)O)NC(=O)[C@H](CO)NC(=O)[C@@H]([C@@H](C)O)NC(=O)[C@H](Cc2ccccc2)NC(=O)[C@@H]([C@@H](C)O)NC(=O)[C@H](CCCCN)NC(=O)[C@@H](Cc2c[nH]c3ccccc23)NC(=O)[C@H](Cc2ccccc2)NC(=O)[C@H](Cc2ccccc2)NC(=O)[C@H](CC(N)=O)NC(=O)[C@@H](CCCCN)NC1=O,"PEPTIDE1{A.G.[dC].[dK].N.F.F.[dW].K.[dalloT].F.[dalloT].S.C}$PEPTIDE1,PEPTIDE1,14:R3-3:R3$$$",Somatostatin receptor type 2,Ki,10.4,0.04,nM,1,B,9
CHEMBL1794035,C[C@H](N)C(=O)NCC(=O)N[C@@H]1CSSC[C@@H](C(=O)O)NC(=O)[C@H](CO)NC(=O)[C@@H]([C@@H](C)O)NC(=O)[C@H](Cc2ccccc2)NC(=O)[C@@H]([C@H](C)O)NC(=O)[C@H](CCCCN)NC(=O)[C@@H](Cc2c[nH]c3ccccc23)NC(=O)[C@H](Cc2ccccc2)NC(=O)[C@@H](Cc2ccccc2)NC(=O)[C@H](CC(N)=O)NC(=O)[C@@H](CCCCN)NC1=O,"PEPTIDE1{A.G.[dC].[dK].N.[dF].F.[dW].K.[dT].F.[dalloT].S.C}$PEPTIDE1,PEPTIDE1,14:R3-3:R3$$$",Somatostatin receptor type 2,Ki,9.6,0.25,nM,1,B,8
CHEMBL2369533,C[C@@H](O)[C@@H]1NC(=O)[C@H](CCCCN)NC(=O)[C@@H](Cc2c[nH]c3ccccc23)NC(=O)[C@H](Cc2ccccc2)NC(=O)[C@@H](Cc2ccccc2)NC(=O)[C@H](CC(N)=O)NC(=O)[C@@H](CCCCN)NC(=O)[C@H](N)CSSC[C@H](C(=O)O)NC(=O)[C@H](CO)NC(=O)[C@H]([C@@H](C)O)NC(=O)[C@H](Cc2ccccc2)NC1=O,"PEPTIDE1{[dC].[dK].N.[dF].F.[dW].K.T.F.T.S.[dC]}$PEPTIDE1,PEPTIDE1,12:R3-1:R3$$$",Somatostatin receptor type 2,IC50,9.48,0.33,nM,1,B,8
CHEMBL3349672,CC(C)[C@@H]1NC(=O)[C@H](CCCCN)NC(=O)[C@@H](Cc2c[nH]c3ccccc23)NC(=O)[C@H](Cc2ccc(O)cc2)NC(=O)[C@H](NC(=O)[C@@H](N)Cc2ccc(O)cc2)CSSC[C@@H](C(=O)N[C@H](Cc2ccc3ccccc3c2)C(N)=O)NC1=O,"PEPTIDE1{Y.[dC].Y.[dW].K.V.C.[dNal].[am]}$PEPTIDE1,PEPTIDE1,7:R3-2:R3$$$",Somatostatin receptor type 2,IC50,7.11,77.2,nM,1,B,8
CHEMBL439005,C[C@@H](O)[C@@H]1NC(=O)[C@H](CCCCN)NC(=O)[C@@H](Cc2c[nH]c3ccccc23)NC(=O)[C@H](Cc2ccccc2)NC(=O)[C@@H](NC(=O)[C@@H](N)Cc2ccc(Cl)cc2)CSSC[C@@H](C(=O)N[C@@H](Cc2ccc3ccccc3c2)C(N)=O)NC1=O,"PEPTIDE1{[Phe(4-Cl)].C.F.[dW].K.T.C.[Nal].[am]}$PEPTIDE1,PEPTIDE1,7:R3-2:R3$$$",Somatostatin receptor type 2,Ki,7.29,51.0,nM,1,B,8
CHEMBL2311098,C[C@@H](O)[C@@H]1NC(=O)[C@H](CCCCN)NC(=O)[C@@H](Cc2c[nH]c3ccccc23)NC(=O)[C@H](Cc2ccc(O)cc2)NC(=O)[C@H](NC(=O)[C@@H](N)Cc2ccc(Cl)cc2)CSSC[C@@H](C(=O)N[C@@H](Cc2ccc3ccccc3c2)C(N)=O)NC1=O,"PEPTIDE1{[Phe(4-Cl)].[dC].Y.[dW].K.T.C.[Nal].[am]}$PEPTIDE1,PEPTIDE1,7:R3-2:R3$$$",Somatostatin receptor type 2,Ki,8.26,5.51,nM,1,B,8
CHEMBL509192,C[C@@H](O)[C@@H]1NC(=O)[C@H](CCCCN)NC(=O)[C@@H](Cc2c[nH]c3ccccc23)NC(=O)[C@H](Cc2ccc(NC(N)=O)cc2)NC(=O)[C@H](NC(=O)[C@@H](Cc2ccc(Cl)cc2)NC(N)=O)CSSC[C@@H](C(=O)N[C@@H](Cc2ccc3ccccc3c2)C(N)=O)NC1=O,"PEPTIDE1{[X2043].[dC].[X529].[dW].K.T.C.[Nal].[am]}$PEPTIDE1,PEPTIDE1,7:R3-2:R3$$$",Somatostatin receptor type 2,IC50,7.64,23.0,nM,1,B,9
CHEMBL510755,C[C@@H](O)[C@@H]1NC(=O)[C@H](CCCCN)NC(=O)[C@@H](Cc2c[nH]c3ccccc23)NC(=O)[C@H](Cc2ccc(O)cc2)NC(=O)[C@H](NC(=O)[C@H](N)Cc2ccc(Cl)cc2)CSSC[C@@H](C(=O)N[C@@H](Cc2ccc3ccccc3c2)C(N)=O)NC1=O,"PEPTIDE1{[dPhe(4-Cl)].[dC].Y.[dW].K.T.C.[Nal].[am]}$PEPTIDE1,PEPTIDE1,7:R3-2:R3$$$",Somatostatin receptor type 2,Ki,7.58,26.0,nM,1,B,9
CHEMBL446077,CNCCCC[C@@H]1NC(=O)[C@@H](Cc2c[nH]c3ccccc23)NC(=O)[C@H](Cc2ccc(O)cc2)NC(=O)[C@H](NC(=O)[C@H](N)Cc2ccc(Cl)cc2)CSSC[C@@H](C(=O)N[C@@H](Cc2ccc3ccccc3c2)C(N)=O)NC(=O)[C@H]([C@@H](C)O)NC1=O,"PEPTIDE1{[dPhe(4-Cl)].[dC].Y.[dW].[Lys(Me)].T.C.[Nal].[am]}$PEPTIDE1,PEPTIDE1,7:R3-2:R3$$$",Somatostatin receptor type 2,Ki,8.26,5.51,nM,1,B,9
CHEMBL499760,CONC(=O)Nc1ccc(C[C@@H]2NC(=O)[C@H](NC(=O)[C@H](N)Cc3ccc(Cl)cc3)CSSC[C@@H](C(=O)N[C@@H](Cc3ccc4ccccc4c3)C(N)=O)NC(=O)[C@H]([C@@H](C)O)NC(=O)[C@H](CCCCN)NC(=O)[C@@H](Cc3c[nH]c4ccccc34)NC2=O)cc1,"PEPTIDE1{[dPhe(4-Cl)].[dC].[X339].[dW].K.T.C.[Nal].[am]}$PEPTIDE1,PEPTIDE1,7:R3-2:R3$$$",Somatostatin receptor type 2,IC50,8.03,9.3,nM,1,B,9
CHEMBL448431,C[C@@H](O)[C@@H]1NC(=O)[C@H](CCCCN)NC(=O)[C@@H](Cc2c[nH]c3ccc(F)cc23)NC(=O)[C@H](Cc2ccc(NC(N)=O)cc2)NC(=O)[C@H](NC(=O)[C@H](N)Cc2ccc(Cl)cc2)CSSC[C@@H](C(=O)N[C@@H](Cc2ccc3ccccc3c2)C(N)=O)NC1=O,"PEPTIDE1{[dPhe(4-Cl)].[dC].[X529].[X1988].K.T.C.[Nal].[am]}$PEPTIDE1,PEPTIDE1,7:R3-2:R3$$$",Somatostatin receptor type 2,IC50,8.31,4.9,nM,1,B,9
CHEMBL501282,C[C@@H](O)[C@@H]1NC(=O)[C@H](CCCCN)NC(=O)[C@H](Cc2c[nH]c3ccc(F)cc23)NC(=O)[C@H](Cc2ccc(NC(N)=O)cc2)NC(=O)[C@H](NC(=O)[C@H](N)Cc2ccc(Cl)cc2)CSSC[C@@H](C(=O)N[C@@H](Cc2ccc3ccccc3c2)C(N)=O)NC1=O,"PEPTIDE1{[dPhe(4-Cl)].[dC].[X529].[X542].K.T.C.[Nal].[am]}$PEPTIDE1,PEPTIDE1,7:R3-2:R3$$$",Somatostatin receptor type 2,IC50,7.64,23.0,nM,1,B,9
CHEMBL502219,C[C@@H](O)[C@@H]1NC(=O)[C@H](CCCCN)NC(=O)[C@@H](Cc2c[nH]c3ccccc23)NC(=O)[C@H](Cc2ccc(NC(N)=O)cc2)NC(=O)[C@H](NC(=O)[C@H](N)Cc2ccc(Cl)cc2)CSSC[C@@H](C(=O)N[C@@H](Cc2ccc3ccccc3c2)C(N)=O)NC1=O,"PEPTIDE1{[dPhe(4-Cl)].[dC].[X529].[dW].K.T.C.[Nal].[am]}$PEPTIDE1,PEPTIDE1,7:R3-2:R3$$$",Somatostatin receptor type 2,IC50,8.16,6.9,nM,1,B,9
CHEMBL505704,C[C@@H](O)[C@@H]1NC(=O)[C@H](CCCCN)NC(=O)[C@@H](Cc2c[nH]c3ccccc23)NC(=O)[C@H](Cc2ccc(NC(=O)NO)cc2)NC(=O)[C@H](NC(=O)[C@H](N)Cc2ccc(Cl)cc2)CSSC[C@@H](C(=O)N[C@@H](Cc2ccc3ccccc3c2)C(N)=O)NC1=O,"PEPTIDE1{[dPhe(4-Cl)].[dC].[X546].[dW].K.T.C.[Nal].[am]}$PEPTIDE1,PEPTIDE1,7:R3-2:R3$$$",Somatostatin receptor type 2,IC50,8.03,9.3,nM,1,B,9
CHEMBL2011462,CC(C)[C@@H]1NC(=O)[C@H](CCCCN)NC(=O)[C@@H](Cc2c[nH]c3ccccc23)N(C)C(=O)[C@H](Cc2ccc(O)cc2)NC(=O)[C@H](C)N(C)C(=O)[C@H](Cc2ccccc2)NC1=O,"PEPTIDE1{Y.[Me_dW].K.V.F.[meA]}$PEPTIDE1,PEPTIDE1,6:R2-1:R1$$$",Somatostatin receptor type 2,IC50,8.26,5.5,nM,1,B,9
CHEMBL2011461,CC(C)[C@@H]1NC(=O)[C@H](CCCCN)NC(=O)[C@@H](Cc2c[nH]c3ccccc23)N(C)C(=O)[C@H](Cc2ccc(O)cc2)NC(=O)[C@H](C)N(C)C(=O)[C@H](Cc2ccccc2)N(C)C1=O,"PEPTIDE1{Y.[Me_dW].K.V.[meF].[meA]}$PEPTIDE1,PEPTIDE1,6:R2-1:R1$$$",Somatostatin receptor type 2,IC50,7.35,45.0,nM,1,B,9
CHEMBL2011465,CC(C)[C@@H]1NC(=O)[C@H](CCCCN)N(C)C(=O)[C@@H](Cc2c[nH]c3ccccc23)N(C)C(=O)[C@H](Cc2ccc(O)cc2)NC(=O)[C@H](C)N(C)C(=O)[C@H](Cc2ccccc2)NC1=O,"PEPTIDE1{Y.[Me_dW].[meK].V.F.[meA]}$PEPTIDE1,PEPTIDE1,6:R2-1:R1$$$",Somatostatin receptor type 2,IC50,8.51,3.1,nM,1,B,9
CHEMBL2011467,CC(C)[C@@H]1NC(=O)[C@H](CCCCN)N(C)C(=O)[C@@H](Cc2c[nH]c3ccccc23)N(C)C(=O)[C@H](Cc2ccc(O)cc2)NC(=O)[C@H](C)N(C)C(=O)[C@H](Cc2ccccc2)N(C)C1=O,"PEPTIDE1{Y.[Me_dW].[meK].V.[meF].[meA]}$PEPTIDE1,PEPTIDE1,6:R2-1:R1$$$",Somatostatin receptor type 2,IC50,7.36,44.0,nM,1,B,9
CHEMBL2011463,CC(C)[C@@H]1NC(=O)[C@H](CCCCN)NC(=O)[C@@H](Cc2c[nH]c3ccccc23)NC(=O)[C@H](Cc2ccc(O)cc2)NC(=O)[C@H](C)N(C)C(=O)[C@H](Cc2ccccc2)N(C)C1=O,"PEPTIDE1{Y.[dW].K.V.[meF].[meA]}$PEPTIDE1,PEPTIDE1,6:R2-1:R1$$$",Somatostatin receptor type 2,IC50,8.36,4.4,nM,1,B,9
CHEMBL2011464,CC(C)[C@@H]1NC(=O)[C@H](CCCCN)N(C)C(=O)[C@@H](Cc2c[nH]c3ccccc23)NC(=O)[C@H](Cc2ccc(O)cc2)NC(=O)[C@H](C)N(C)C(=O)[C@H](Cc2ccccc2)NC1=O,"PEPTIDE1{Y.[dW].[meK].V.F.[meA]}$PEPTIDE1,PEPTIDE1,6:R2-1:R1$$$",Somatostatin receptor type 2,IC50,8.38,4.2,nM,1,B,9
CHEMBL2011466,CC(C)[C@@H]1NC(=O)[C@H](CCCCN)N(C)C(=O)[C@@H](Cc2c[nH]c3ccccc23)NC(=O)[C@H](Cc2ccc(O)cc2)NC(=O)[C@H](C)N(C)C(=O)[C@H](Cc2ccccc2)N(C)C1=O,"PEPTIDE1{Y.[dW].[meK].V.[meF].[meA]}$PEPTIDE1,PEPTIDE1,6:R2-1:R1$$$",Somatostatin receptor type 2,IC50,8.39,4.1,nM,1,B,9
CHEMBL3349675,CC(C)[C@@H]1NC(=O)[C@H](CCCCN)NC(=O)[C@@H](Cc2c[nH]c3ccccc23)NC(=O)[C@H](Cc2ccc(O)cc2)NC(=O)[C@@H](C)N(C)C(=O)[C@H](Cc2ccccc2)NC1=O,"PEPTIDE1{[Me_dA].Y.[dW].K.V.F}$PEPTIDE1,PEPTIDE1,6:R2-1:R1$$$",Somatostatin receptor type 2,IC50,8.11,7.8,nM,1,B,8
CHEMBL311695,CC(C)[C@@H]1NC(=O)[C@H](CCCCN)NC(=O)[C@@H](Cc2c[nH]c3ccccc23)NC(=O)[C@H](Cc2ccc(O)cc2)NC(=O)[C@H](C)N(C)C(=O)[C@H](Cc2ccccc2)NC1=O,"PEPTIDE1{[meA].Y.[dW].K.V.F}$PEPTIDE1,PEPTIDE1,6:R2-1:R1$$$",Somatostatin receptor type 2,Ki,10.1,0.07943,nM,1,B,8
CHEMBL439136,CC(C)[C@H]1NC(=O)[C@H](CCCCN)NC(=O)[C@@H](Cc2c[nH]c3ccccc23)NC(=O)[C@H](Cc2cccnc2)NC(=O)[C@@H](NC(=O)[C@@H](N)Cc2ccc(Cl)cc2)CSSC[C@H](C(=O)N[C@@H](Cc2ccc(Cl)cc2)C(N)=O)NC1=O,"PEPTIDE1{[Phe(4-Cl)].C.[3-Pal].[dW].K.[dV].[dC].[Phe(4-Cl)].[am]}$PEPTIDE1,PEPTIDE1,7:R3-2:R3$$$",Somatostatin receptor type 2,Ki,7.5,32.0,nM,1,B,8
CHEMBL412561,CC(C)[C@H]1NC(=O)[C@H](CCCCN)NC(=O)[C@@H](Cc2c[nH]c3ccccc23)NC(=O)[C@H](Cc2cccnc2)NC(=O)[C@@H](NC(=O)[C@H](N)Cc2ccc(F)cc2)CSSC[C@H](C(=O)N[C@H](Cc2ccc(F)cc2)C(N)=O)NC1=O,"PEPTIDE1{[X136].C.[3-Pal].[dW].K.[dV].[dC].[X136].[am]}$PEPTIDE1,PEPTIDE1,7:R3-2:R3$$$",Somatostatin receptor type 2,Ki,6.97,106.0,nM,1,B,8
CHEMBL406152,CC(C)[C@H]1NC(=O)[C@H](CCCCN)NC(=O)[C@@H](Cc2c[nH]c3ccccc23)NC(=O)[C@H](Cc2cccnc2)NC(=O)[C@@H](NC(=O)[C@@H](N)Cc2cccc(F)c2)CSSC[C@H](C(=O)N[C@@H](Cc2cccc(F)c2)C(N)=O)NC1=O,"PEPTIDE1{[X238].C.[3-Pal].[dW].K.[dV].[dC].[X238].[am]}$PEPTIDE1,PEPTIDE1,7:R3-2:R3$$$",Somatostatin receptor type 2,Ki,6.93,117.0,nM,1,B,8
CHEMBL437448,CC(C)[C@H]1NC(=O)[C@H](CCCCN)NC(=O)[C@@H](Cc2c[nH]c3ccccc23)NC(=O)[C@H](Cc2cccnc2)NC(=O)[C@@H](NC(=O)[C@@H](N)Cc2ccc(Br)cc2)CSSC[C@H](C(=O)N[C@@H](Cc2ccc(Br)cc2)C(N)=O)NC1=O,"PEPTIDE1{[X291].C.[3-Pal].[dW].K.[dV].[dC].[X291].[am]}$PEPTIDE1,PEPTIDE1,7:R3-2:R3$$$",Somatostatin receptor type 2,Ki,7.8,16.0,nM,1,B,8
CHEMBL407195,CC(C)[C@H]1NC(=O)[C@H](CCCCN)NC(=O)[C@@H](Cc2c[nH]c3ccccc23)NC(=O)[C@H](Cc2cccnc2)NC(=O)[C@@H](NC(=O)[C@@H](N)Cc2ccc(F)cc2)CSSC[C@H](C(=O)N[C@@H](Cc2ccc(F)cc2)C(N)=O)NC1=O,"PEPTIDE1{[X3].C.[3-Pal].[dW].K.[dV].[dC].[X3].[am]}$PEPTIDE1,PEPTIDE1,7:R3-2:R3$$$",Somatostatin receptor type 2,Ki,7.7,20.0,nM,1,B,8
CHEMBL264028,CC(C)[C@H]1NC(=O)[C@H](CCCCN)NC(=O)[C@@H](Cc2c[nH]c3ccccc23)NC(=O)[C@H](Cc2cccnc2)NC(=O)[C@@H](NC(=O)[C@@H](N)Cc2ccc(I)cc2)CSSC[C@H](C(=O)N[C@@H](Cc2ccc(I)cc2)C(N)=O)NC1=O,"PEPTIDE1{[X417].C.[3-Pal].[dW].K.[dV].[dC].[X417].[am]}$PEPTIDE1,PEPTIDE1,7:R3-2:R3$$$",Somatostatin receptor type 2,Ki,7.5,32.0,nM,1,B,8
CHEMBL384607,CC(C)[C@H]1NC(=O)[C@H](CCCCN)NC(=O)[C@@H](Cc2c[nH]c3ccccc23)NC(=O)[C@H](Cc2cccnc2)NC(=O)[C@@H](NC(=O)[C@@H](N)Cc2ccc(C#N)cc2)CSSC[C@H](C(=O)N[C@@H](Cc2ccc(C#N)cc2)C(N)=O)NC1=O,"PEPTIDE1{[X46].C.[3-Pal].[dW].K.[dV].[dC].[X46].[am]}$PEPTIDE1,PEPTIDE1,7:R3-2:R3$$$",Somatostatin receptor type 2,Ki,7.0,99.0,nM,1,B,8
CHEMBL413171,CC(C)[C@H]1NC(=O)[C@H](CCCCN)NC(=O)[C@@H](Cc2c[nH]c3ccccc23)NC(=O)[C@H](Cc2cccnc2)NC(=O)[C@@H](NC(=O)[C@@H](N)Cc2c(F)c(F)c(F)c(F)c2F)CSSC[C@H](C(=O)N[C@@H](Cc2c(F)c(F)c(F)c(F)c2F)C(N)=O)NC1=O,"PEPTIDE1{[X733].C.[3-Pal].[dW].K.[dV].[dC].[X733].[am]}$PEPTIDE1,PEPTIDE1,7:R3-2:R3$$$",Somatostatin receptor type 2,Ki,6.2,633.0,nM,1,B,8
CHEMBL438281,CC(C)[C@H]1NC(=O)[C@H](CCCCN)NC(=O)[C@@H](Cc2c[nH]c3ccccc23)NC(=O)[C@H](Cc2cccnc2)NC(=O)[C@@H](NC(=O)[C@@H](N)Cc2ccccc2F)CSSC[C@H](C(=O)N[C@@H](Cc2ccccc2F)C(N)=O)NC1=O,"PEPTIDE1{[X883].C.[3-Pal].[dW].K.[dV].[dC].[X883].[am]}$PEPTIDE1,PEPTIDE1,7:R3-2:R3$$$",Somatostatin receptor type 2,Ki,6.62,241.0,nM,1,B,8
CHEMBL3350895,C[C@@H](O)[C@@H]1NC(=O)[C@H](CCCCN)NC(=O)[C@H](Cc2c[nH]c3ccccc23)NC(=O)[C@H](Cc2ccccc2)NC(=O)[C@H](Cc2ccccc2)NC(=O)[C@@H](NC(=O)[C@@H](N)Cc2ccc(O)cc2)CSSC[C@@H](C(=O)O)NC(=O)[C@H](Cc2ccccc2)NC1=O,"PEPTIDE1{Y.C.F.F.W.K.T.F.C}$PEPTIDE1,PEPTIDE1,9:R3-2:R3$$$",Somatostatin receptor type 2,IC50,6.75,179.0,nM,1,B,8
CHEMBL3350908,C[C@@H](O)[C@@H]1NC(=O)[C@H](CCCCN)NC(=O)[C@H]([C@@H](C)c2c[nH]c3ccccc23)NC(=O)[C@H](Cc2ccccc2)NC(=O)[C@H](Cc2ccccc2)NC(=O)[C@@H](NC(=O)[C@@H](N)Cc2ccc(O)cc2)CSSC[C@@H](C(=O)O)NC(=O)[C@H](Cc2ccccc2)NC1=O,"PEPTIDE1{Y.C.F.F.[X1212].K.T.F.C}$PEPTIDE1,PEPTIDE1,9:R3-2:R3$$$",Somatostatin receptor type 2,IC50,7.32,48.0,nM,1,B,8
CHEMBL3350894,C[C@@H](O)[C@@H]1NC(=O)[C@H](CCCCN)NC(=O)[C@H](Cc2c[nH]c3ccccc23)NC(=O)[C@H](Cc2ccc(N)cc2)NC(=O)[C@H](Cc2ccccc2)NC(=O)[C@@H](NC(=O)[C@@H](N)Cc2ccc(O)cc2)CSSC[C@@H](C(=O)O)NC(=O)[C@H](Cc2ccccc2)NC1=O,"PEPTIDE1{Y.C.F.[Phe(4-NH2)].W.K.T.F.C}$PEPTIDE1,PEPTIDE1,9:R3-2:R3$$$",Somatostatin receptor type 2,IC50,6.58,260.0,nM,1,B,8
CHEMBL3350893,C[C@@H](O)[C@@H]1NC(=O)[C@H](CCCCN)NC(=O)[C@@H](Cc2c[nH]c3ccccc23)NC(=O)[C@H](Cc2ccc(N)cc2)NC(=O)[C@H](Cc2ccccc2)NC(=O)[C@@H](NC(=O)[C@@H](N)Cc2ccc(O)cc2)CSSC[C@@H](C(=O)O)NC(=O)[C@H](Cc2ccccc2)NC1=O,"PEPTIDE1{Y.C.F.[Phe(4-NH2)].[dW].K.T.F.C}$PEPTIDE1,PEPTIDE1,9:R3-2:R3$$$",Somatostatin receptor type 2,IC50,7.25,56.0,nM,1,B,8
CHEMBL3350880,CNc1ccc(C[C@@H]2NC(=O)[C@H](Cc3ccccc3)NC(=O)[C@@H](NC(=O)[C@@H](N)Cc3ccc(O)cc3)CSSC[C@@H](C(=O)O)NC(=O)[C@H](Cc3ccccc3)NC(=O)[C@H]([C@@H](C)O)NC(=O)[C@H](CCCCN)NC(=O)[C@H](Cc3c[nH]c4ccccc34)NC2=O)cc1,"PEPTIDE1{Y.C.F.[X1999].W.K.T.F.C}$PEPTIDE1,PEPTIDE1,9:R3-2:R3$$$",Somatostatin receptor type 2,IC50,6.59,259.0,nM,1,B,8
CHEMBL3350891,C[C@@H](O)[C@@H]1NC(=O)[C@H](CCCCN)NC(=O)[C@H](Cc2c[nH]c3ccccc23)NC(=O)[C@H](Cc2ccc(N)cc2)NC(=O)[C@H](Cc2ccccc2)NC(=O)[C@@H](NC(=O)[C@H](Cc2ccc(O)cc2)NC(N)=O)CSSC[C@@H](C(=O)O)NC(=O)[C@H](Cc2ccccc2)NC1=O,"PEPTIDE1{[X1953].C.F.[Phe(4-NH2)].W.K.T.F.C}$PEPTIDE1,PEPTIDE1,9:R3-2:R3$$$",Somatostatin receptor type 2,IC50,6.26,550.0,nM,1,B,8
CHEMBL3350887,CNc1ccc(C[C@@H]2NC(=O)[C@H](Cc3ccccc3)NC(=O)[C@@H](NC(=O)[C@H](Cc3ccc(O)cc3)NC(N)=O)CSSC[C@@H](C(=O)O)NC(=O)[C@H](Cc3ccccc3)NC(=O)[C@H]([C@@H](C)O)NC(=O)[C@H](CCCCN)NC(=O)[C@H](Cc3c[nH]c4ccccc34)NC2=O)cc1,"PEPTIDE1{[X1953].C.F.[X1999].W.K.T.F.C}$PEPTIDE1,PEPTIDE1,9:R3-2:R3$$$",Somatostatin receptor type 2,IC50,6.93,118.0,nM,1,B,8
CHEMBL3350889,CNc1ccc(C[C@@H]2NC(=O)[C@H](Cc3ccccc3)NC(=O)[C@@H](NC(=O)[C@H](Cc3ccc(O)cc3)NC(N)=O)CSSC[C@@H](C(=O)O)NC(=O)[C@H](Cc3ccccc3)NC(=O)[C@H]([C@@H](C)O)NC(=O)[C@H](CCCCN)NC(=O)[C@@H](Cc3c[nH]c4ccccc34)NC2=O)cc1,"PEPTIDE1{[X1953].C.F.[X1999].[dW].K.T.F.C}$PEPTIDE1,PEPTIDE1,9:R3-2:R3$$$",Somatostatin receptor type 2,IC50,7.54,29.0,nM,1,B,8
CHEMBL2311181,CC(C)[C@@H]1NC(=O)[C@H](CCCCN)NC(=O)[C@@H](Cc2c[nH]c3ccccc23)NC(=O)[C@H](Cc2ccc(O)cc2)NC(=O)[C@@H](NC(=O)[C@@H](N)Cc2ccc3ccccc3c2)CSSC[C@H](C(=O)N[C@@H](Cc2ccc3ccccc3c2)C(N)=O)NC1=O,"PEPTIDE1{[Nal].C.Y.[dW].K.V.[dC].[Nal].[am]}$PEPTIDE1,PEPTIDE1,7:R3-2:R3$$$",Somatostatin receptor type 2,IC50,7.42,37.6,nM,1,B,8
CHEMBL413709,CC(C)[C@@H]1NC(=O)[C@H](CCCCN)NC(=O)[C@@H](Cc2c[nH]c3ccccc23)NC(=O)[C@H](Cc2ccc(O)c(I)c2)NC(=O)[C@@H](NC(=O)[C@@H](N)Cc2ccc3ccccc3c2)CSSC[C@@H](C(=O)N[C@@H](Cc2ccc3ccccc3c2)C(N)=O)NC1=O,"PEPTIDE1{[Nal].C.[X403].[dW].K.V.C.[Nal].[am]}$PEPTIDE1,PEPTIDE1,7:R3-2:R3$$$",Somatostatin receptor type 2,Ki,6.71,194.0,nM,1,B,8
CHEMBL3349673,CC(C)[C@@H]1NC(=O)[C@H](CCCCN)NC(=O)[C@@H](Cc2c[nH]c3ccccc23)NC(=O)[C@H](Cc2ccc(O)cc2)NC(=O)[C@H](NC(=O)[C@@H](N)Cc2ccc3ccccc3c2)CSSC[C@@H](C(=O)N[C@H](Cc2ccc3ccccc3c2)C(N)=O)NC1=O,"PEPTIDE1{[Nal].[dC].Y.[dW].K.V.C.[dNal].[am]}$PEPTIDE1,PEPTIDE1,7:R3-2:R3$$$",Somatostatin receptor type 2,IC50,7.34,46.1,nM,1,B,8
CHEMBL3349679,CC(=O)N[C@@H](Cc1ccc2ccccc2c1)C(=O)N[C@@H]1CSSC[C@@H](C(=O)N[C@@H](Cc2ccc3ccccc3c2)C(N)=O)NC(=O)[C@H](C(C)C)NC(=O)[C@H](CCCCN)NC(=O)[C@@H](Cc2c[nH]c3ccccc23)NC(=O)[C@H](Cc2ccc(O)cc2)NC1=O,"PEPTIDE1{[ac].[Nal].[dC].Y.[dW].K.V.C.[Nal].[am]}$PEPTIDE1,PEPTIDE1,8:R3-3:R3$$$",Somatostatin receptor type 2,IC50,7.32,48.2,nM,1,B,8
CHEMBL2079558,CC(C)[C@@H]1NC(=O)[C@H](CCCCN)NC(=O)[C@@H](Cc2c[nH]c3ccccc23)NC(=O)[C@H](Cc2ccc(O)cc2)NC(=O)[C@@H](NC(=O)[C@H](N)Cc2ccc3ccccc3c2)CSSC[C@H](C(=O)N[C@@H](Cc2ccc3ccccc3c2)C(N)=O)NC1=O,"PEPTIDE1{[dNal].C.Y.[dW].K.V.[dC].[Nal].[am]}$PEPTIDE1,PEPTIDE1,7:R3-2:R3$$$",Somatostatin receptor type 2,IC50,7.16,139.0,nM,1,B,8
CHEMBL3349507,C[C@@H](O)[C@@H]1NC(=O)[C@H](CCCCN)NC(=O)[C@@H](Cc2c[nH]c3ccccc23)NC(=O)[C@H](Cc2ccc(O)cc2)NC(=O)[C@H](NC(=O)[C@H](N)Cc2ccc3ccccc3c2)CSSC[C@@H](C(=O)N[C@@H](Cc2ccc3ccccc3c2)C(N)=O)NC1=O,"PEPTIDE1{[dNal].[dC].Y.[dW].K.T.C.[Nal].[am]}$PEPTIDE1,PEPTIDE1,7:R3-2:R3$$$",Somatostatin receptor type 2,IC50,6.7,202.0,nM,1,B,8
CHEMBL3351090,CC(C)[C@@H]1NC(=O)[C@H](CCCCN)NC(=O)[C@@H](Cc2c[nH]c3ccccc23)NC(=O)[C@H](Cc2ccc(O)cc2)NC(=O)[C@H](NC(=O)[C@H](N)Cc2ccc3ccccc3c2)CSSC[C@H](C(=O)N[C@H](Cc2ccc3ccccc3c2)C(N)=O)NC1=O,"PEPTIDE1{[dNal].[dC].Y.[dW].K.V.[dC].[dNal].[am]}$PEPTIDE1,PEPTIDE1,7:R3-2:R3$$$",Somatostatin receptor type 2,IC50,7.08,82.9,nM,1,B,8
CHEMBL414116,C[C@@H]1NC(=O)[C@H](CCCCN)NC(=O)[C@@H](Cc2c[nH]c3ccccc23)NC(=O)[C@H](Cc2cccnc2)NC(=O)[C@@H](NC(=O)[C@@H](N)Cc2ccc3ccccc3c2)CSSC[C@@H](C(=O)N[C@@H](Cc2ccc3ccccc3c2)C(N)=O)NC1=O,"PEPTIDE1{[Nal].C.[3-Pal].[dW].K.A.C.[Nal].[am]}$PEPTIDE1,PEPTIDE1,7:R3-2:R3$$$",Somatostatin receptor type 2,Ki,6.69,203.0,nM,1,B,8
CHEMBL408987,NCCCC[C@@H]1NC(=O)[C@@H](Cc2c[nH]c3ccccc23)NC(=O)[C@H](Cc2cccnc2)NC(=O)[C@@H](NC(=O)[C@@H](N)Cc2ccc3ccccc3c2)CSSC[C@@H](C(=O)N[C@@H](Cc2ccc3ccccc3c2)C(N)=O)NC(=O)CNC1=O,"PEPTIDE1{[Nal].C.[3-Pal].[dW].K.G.C.[Nal].[am]}$PEPTIDE1,PEPTIDE1,7:R3-2:R3$$$",Somatostatin receptor type 2,Ki,6.79,163.0,nM,1,B,8
CHEMBL410181,CC(C)C[C@@H]1NC(=O)[C@H](CCCCN)NC(=O)[C@@H](Cc2c[nH]c3ccccc23)NC(=O)[C@H](Cc2cccnc2)NC(=O)[C@@H](NC(=O)[C@@H](N)Cc2ccc3ccccc3c2)CSSC[C@@H](C(=O)N[C@@H](Cc2ccc3ccccc3c2)C(N)=O)NC1=O,"PEPTIDE1{[Nal].C.[3-Pal].[dW].K.L.C.[Nal].[am]}$PEPTIDE1,PEPTIDE1,7:R3-2:R3$$$",Somatostatin receptor type 2,Ki,6.26,543.0,nM,1,B,8
CHEMBL406738,CC(C)CC[C@@H]1NC(=O)[C@H](CCCCN)NC(=O)[C@@H](Cc2c[nH]c3ccccc23)NC(=O)[C@H](Cc2cccnc2)NC(=O)[C@@H](NC(=O)[C@@H](N)Cc2ccc3ccccc3c2)CSSC[C@@H](C(=O)N[C@@H](Cc2ccc3ccccc3c2)C(N)=O)NC1=O,"PEPTIDE1{[Nal].C.[3-Pal].[dW].K.[X68].C.[Nal].[am]}$PEPTIDE1,PEPTIDE1,7:R3-2:R3$$$",Somatostatin receptor type 2,Ki,7.12,76.0,nM,1,B,8
CHEMBL414386,CC(C)[C@H]1NC(=O)[C@H](CCCCN)NC(=O)[C@@H](Cc2c[nH]c3ccccc23)NC(=O)[C@H](Cc2cccnc2)NC(=O)[C@@H](NC(=O)[C@@H](N)Cc2ccc3ccccc3c2)CSSC[C@H](C(=O)N[C@@H](Cc2ccc3ccccc3c2)C(N)=O)NC1=O,"PEPTIDE1{[Nal].C.[3-Pal].[dW].K.[dV].[dC].[Nal].[am]}$PEPTIDE1,PEPTIDE1,7:R3-2:R3$$$",Somatostatin receptor type 2,Ki,7.09,81.0,nM,1,B,8
CHEMBL3349677,CC(C)[C@@H]1NC(=O)[C@H](CCCCN)NC(=O)[C@@H](Cc2c[nH]c3ccccc23)NC(=O)[C@H](Cc2cccnc2)NC(=O)[C@H](NC(=O)[C@@H](N)Cc2ccc3ccccc3c2)CSSC[C@@H](C(=O)N[C@@H](Cc2ccc3ccccc3c2)C(N)=O)NC1=O,"PEPTIDE1{[Nal].[dC].[3-Pal].[dW].K.V.C.[Nal].[am]}$PEPTIDE1,PEPTIDE1,7:R3-2:R3$$$",Somatostatin receptor type 2,IC50,7.12,75.9,nM,1,B,8
CHEMBL3350909,C[C@@H]1NC(=O)[C@H](Cc2ccccc2)NC(=O)[C@@H](NC(=O)[C@@H](N)Cc2ccc(O)cc2)CSSC[C@@H](C(=O)O)NC(=O)[C@H](Cc2ccccc2)NC(=O)[C@H]([C@@H](C)O)NC(=O)[C@H](CCCCN)NC(=O)[C@H](Cc2c[nH]c3ccccc23)NC1=O,"PEPTIDE1{Y.C.F.A.W.K.T.F.C}$PEPTIDE1,PEPTIDE1,9:R3-2:R3$$$",Somatostatin receptor type 2,IC50,6.21,622.0,nM,1,B,8
CHEMBL3350883,C[C@@H]1NC(=O)[C@H](Cc2ccccc2)NC(=O)[C@@H](NC(=O)[C@@H](N)Cc2ccc(O)cc2)CSSC[C@@H](C(=O)O)NC(=O)[C@H](Cc2ccccc2)NC(=O)[C@H]([C@@H](C)O)NC(=O)[C@H](CCCCN)NC(=O)[C@@H]([C@@H](C)c2c[nH]c3ccccc23)NC1=O,"PEPTIDE1{Y.C.F.A.[X928].K.T.F.C}$PEPTIDE1,PEPTIDE1,9:R3-2:R3$$$",Somatostatin receptor type 2,IC50,7.34,46.0,nM,1,B,8
CHEMBL3350884,C[C@@H]1NC(=O)[C@H](Cc2ccccc2)NC(=O)[C@@H](NC(=O)[C@@H](N)Cc2ccc(O)cc2)CSSC[C@@H](C(=O)O)NC(=O)[C@H](Cc2ccccc2)NC(=O)[C@H]([C@@H](C)O)NC(=O)[C@H](CCCCN)NC(=O)[C@@H](Cc2c[nH]c3ccccc23)NC1=O,"PEPTIDE1{Y.C.F.A.[dW].K.T.F.C}$PEPTIDE1,PEPTIDE1,9:R3-2:R3$$$",Somatostatin receptor type 2,IC50,7.24,57.0,nM,1,B,8
CHEMBL3350882,C[C@@H]1NC(=O)[C@H](Cc2ccccc2)NC(=O)[C@@H](NC(=O)[C@H](Cc2ccc(O)cc2)NC(N)=O)CSSC[C@@H](C(=O)O)NC(=O)[C@H](Cc2ccccc2)NC(=O)[C@H]([C@@H](C)O)NC(=O)[C@H](CCCCN)NC(=O)[C@H](Cc2c[nH]c3ccccc23)NC1=O,"PEPTIDE1{[X1953].C.F.A.W.K.T.F.C}$PEPTIDE1,PEPTIDE1,9:R3-2:R3$$$",Somatostatin receptor type 2,IC50,6.16,700.0,nM,1,B,8
CHEMBL3350890,C[C@@H](O)[C@@H]1NC(=O)[C@H](CCCCN)NC(=O)[C@H](Cc2c[nH]c3ccccc23)NC(=O)[C@H](CCCN)NC(=O)[C@H](Cc2ccccc2)NC(=O)[C@@H](NC(=O)[C@H](Cc2ccc(O)cc2)NC(N)=O)CSSC[C@@H](C(=O)O)NC(=O)[C@H](Cc2ccccc2)NC1=O,"PEPTIDE1{[X1953].C.F.[Orn].W.K.T.F.C}$PEPTIDE1,PEPTIDE1,9:R3-2:R3$$$",Somatostatin receptor type 2,IC50,6.25,561.0,nM,1,B,8
CHEMBL3349599,NCCCC[C@@H]1NC(=O)[C@@H](Cc2c[nH]c3ccccc23)NC(=O)[C@H](Cc2ccccc2)NC(=O)[C@@H]2C[C@@H](O)CN2C(=O)[C@H](Cc2ccccc2)NC(=O)[C@H](Cc2ccc(OCc3ccccc3)cc2)NC1=O,"PEPTIDE1{[Hyp].F.[dW].K.[Tyr(Bzl)].F}$PEPTIDE1,PEPTIDE1,6:R2-1:R1$$$",Somatostatin receptor type 2,Ki,9.1,0.7943,nM,1,B,8
CHEMBL3349603,NCCCCCNC(=O)O[C@@H]1C[C@H]2C(=O)N[C@@H](Cc3ccccc3)C(=O)N[C@H](Cc3c[nH]c4ccccc34)C(=O)N[C@@H](CCCCN)C(=O)N[C@@H](Cc3ccc(OCc4ccccc4)cc3)C(=O)N[C@@H](Cc3ccccc3)C(=O)N2C1,"PEPTIDE1{[X1698].F.[dW].K.[Tyr(Bzl)].F}$PEPTIDE1,PEPTIDE1,6:R2-1:R1$$$",Somatostatin receptor type 2,Ki,8.5,3.162,nM,1,B,8
CHEMBL3349602,NCCCC[C@@H]1NC(=O)[C@@H](Cc2c[nH]c3ccccc23)NC(=O)[C@H](Cc2ccccc2)NC(=O)[C@@H]2C[C@@H](OC(=O)NCCN)CN2C(=O)[C@H](Cc2ccccc2)NC(=O)[C@H](Cc2ccc(OCc3ccccc3)cc2)NC1=O,"PEPTIDE1{[X1776].F.[dW].K.[Tyr(Bzl)].F}$PEPTIDE1,PEPTIDE1,6:R2-1:R1$$$",Somatostatin receptor type 2,Ki,8.7,1.995,nM,1,B,8
CHEMBL3349605,NCCCC[C@@H]1NC(=O)[C@@H](Cc2c[nH]c3ccccc23)NC(=O)[C@H](Cc2ccc(O)cc2)NC(=O)[C@@H]2C[C@@H](OC(=O)NCCN)CN2C(=O)[C@H](Cc2ccccc2)NC(=O)[C@H](Cc2ccc(OCc3ccccc3)cc2)NC1=O,"PEPTIDE1{[X1776].Y.[dW].K.[Tyr(Bzl)].F}$PEPTIDE1,PEPTIDE1,6:R2-1:R1$$$",Somatostatin receptor type 2,Ki,9.1,0.7943,nM,1,B,8
CHEMBL3349606,CN(C)CCNC(=O)O[C@@H]1C[C@H]2C(=O)N[C@@H](Cc3ccccc3)C(=O)N[C@H](Cc3c[nH]c4ccccc34)C(=O)N[C@@H](CCCCN)C(=O)N[C@@H](Cc3ccc(OCc4ccccc4)cc3)C(=O)N[C@@H](Cc3ccccc3)C(=O)N2C1,"PEPTIDE1{[X1857].F.[dW].K.[Tyr(Bzl)].F}$PEPTIDE1,PEPTIDE1,6:R2-1:R1$$$",Somatostatin receptor type 2,Ki,9.3,0.5012,nM,1,B,8
CHEMBL3349614,CC(C)[C@@H]1NC(=O)[C@H](CCCCN)NC(=O)[C@@H](Cc2c[nH]c3ccccc23)NC(=O)[C@H](Cc2ccc(O)cc2)NC(=O)[C@H](NC(=O)[C@@H](N)Cc2ccc3ccccc3c2)CSSC[C@@H](C(=O)N[C@H](C(N)=O)[C@@H](C)O)NC1=O,"PEPTIDE1{[Nal].[dC].Y.[dW].K.V.C.T.[am]}$PEPTIDE1,PEPTIDE1,7:R3-2:R3$$$",Somatostatin receptor type 2,IC50,6.93,118.0,nM,1,B,8
CHEMBL1201185,CC(C)[C@@H]1NC(=O)[C@H](CCCCN)NC(=O)[C@@H](Cc2c[nH]c3ccccc23)NC(=O)[C@H](Cc2ccc(O)cc2)NC(=O)[C@@H](NC(=O)[C@H](N)Cc2ccc3ccccc3c2)CSSC[C@@H](C(=O)N[C@H](C(N)=O)[C@@H](C)O)NC1=O,"PEPTIDE1{[dNal].C.Y.[dW].K.V.C.T.[am]}$PEPTIDE1,PEPTIDE1,7:R3-2:R3$$$",Somatostatin receptor type 2,Ki,9.3,0.5012,nM,1,B,8
CHEMBL2079626,CC(C)[C@@H]1NC(=O)[C@H](CCCCN)NC(=O)[C@@H](Cc2c[nH]c3ccccc23)NC(=O)[C@H](Cc2ccc(O)cc2)NC(=O)[C@@H](NC(=O)[C@H](N)Cc2ccc3ccccc3c2)CSSC[C@H](C(=O)N[C@H](C(N)=O)[C@@H](C)O)NC1=O,"PEPTIDE1{[dNal].C.Y.[dW].K.V.[dC].T.[am]}$PEPTIDE1,PEPTIDE1,7:R3-2:R3$$$",Somatostatin receptor type 2,IC50,6.46,350.0,nM,1,B,8
CHEMBL2079563,CC(C)[C@@H]1NC(=O)[C@H](CCCCN)NC(=O)[C@@H](Cc2c[nH]c3ccccc23)NC(=O)[C@H](Cc2ccc(O)cc2)NC(=O)[C@H](NC(=O)[C@H](N)Cc2ccc3ccccc3c2)CSSC[C@@H](C(=O)N[C@H](C(N)=O)[C@@H](C)O)NC1=O,"PEPTIDE1{[dNal].[dC].Y.[dW].K.V.C.T.[am]}$PEPTIDE1,PEPTIDE1,7:R3-2:R3$$$",Somatostatin receptor type 2,IC50,6.51,306.0,nM,1,B,8
CHEMBL411556,CC(C)[C@H]1NC(=O)[C@H](CCCCN)NC(=O)[C@@H](Cc2c[nH]c3ccccc23)NC(=O)[C@H](Cc2c[nH]cn2)NC(=O)[C@@H](NC(=O)[C@@H](N)Cc2cccc(F)c2)CSSC[C@@H](C(=O)N[C@@H](Cc2cccc(F)c2)C(N)=O)NC1=O,"PEPTIDE1{[X238].C.H.[dW].K.[dV].C.[X238].[am]}$PEPTIDE1,PEPTIDE1,7:R3-2:R3$$$",Somatostatin receptor type 2,Ki,6.99,103.0,nM,1,B,8
CHEMBL407496,CC(C)[C@H]1NC(=O)[C@H](CCCCN)NC(=O)[C@@H](Cc2c[nH]c3ccccc23)NC(=O)[C@H](Cc2c[nH]cn2)NC(=O)[C@@H](NC(=O)[C@@H](N)Cc2ccc(F)cc2)CSSC[C@@H](C(=O)N[C@@H](Cc2ccc(F)cc2)C(N)=O)NC1=O,"PEPTIDE1{[X3].C.H.[dW].K.[dV].C.[X3].[am]}$PEPTIDE1,PEPTIDE1,7:R3-2:R3$$$",Somatostatin receptor type 2,Ki,7.51,31.0,nM,1,B,8
CHEMBL414598,CC(C)[C@H]1NC(=O)[C@H](CCCCN)NC(=O)[C@@H](Cc2c[nH]c3ccccc23)NC(=O)[C@H](Cc2c[nH]cn2)NC(=O)[C@@H](NC(=O)[C@@H](N)Cc2c(F)c(F)c(F)c(F)c2F)CSSC[C@@H](C(=O)N[C@@H](Cc2c(F)c(F)c(F)c(F)c2F)C(N)=O)NC1=O,"PEPTIDE1{[X733].C.H.[dW].K.[dV].C.[X733].[am]}$PEPTIDE1,PEPTIDE1,7:R3-2:R3$$$",Somatostatin receptor type 2,Ki,6.2,637.0,nM,1,B,8
CHEMBL406491,CC(C)[C@H]1NC(=O)[C@H](CCCCN)NC(=O)[C@@H](Cc2c[nH]c3ccccc23)NC(=O)[C@H](Cc2c[nH]cn2)NC(=O)[C@@H](NC(=O)[C@@H](N)Cc2ccccc2F)CSSC[C@@H](C(=O)N[C@@H](Cc2ccccc2F)C(N)=O)NC1=O,"PEPTIDE1{[X883].C.H.[dW].K.[dV].C.[X883].[am]}$PEPTIDE1,PEPTIDE1,7:R3-2:R3$$$",Somatostatin receptor type 2,Ki,6.75,176.0,nM,1,B,8
CHEMBL525397,CC(=O)N[C@H]1CSS[C@@H](C(=O)O)NC(=O)[C@H](Cc2ccccc2)NC(=O)[C@H]([C@@H](C)O)NC(=O)[C@H](CCCCN)NC(=O)[C@@H](Cc2c[nH]c3ccccc23)NC(=O)[C@H](Cc2ccccc2)NC(=O)[C@H](Cc2ccccc2)NC1=O,"PEPTIDE1{[ac].C.F.F.[dW].K.T.F.[X126]}$PEPTIDE1,PEPTIDE1,9:R3-2:R3$$$",Somatostatin receptor type 2,IC50,8.27,5.4,nM,1,B,9
CHEMBL504395,CC(=O)N[C@H]1CSS[C@H](C(=O)O)NC(=O)[C@H](Cc2ccccc2)NC(=O)[C@H]([C@@H](C)O)NC(=O)[C@H](CCCCN)NC(=O)[C@@H](Cc2c[nH]c3ccccc23)NC(=O)[C@H](Cc2ccccc2)NC(=O)[C@H](Cc2ccccc2)NC1=O,"PEPTIDE1{[ac].C.F.F.[dW].K.T.F.[X1956]}$PEPTIDE1,PEPTIDE1,9:R3-2:R3$$$",Somatostatin receptor type 2,IC50,7.39,41.0,nM,1,B,9
CHEMBL453936,CC(=O)N[C@@H]1CSS[C@@H](C(=O)O)NC(=O)[C@H](Cc2ccccc2)NC(=O)[C@H]([C@@H](C)O)NC(=O)[C@H](CCCCN)NC(=O)[C@@H](Cc2c[nH]c3ccccc23)NC(=O)[C@H](Cc2ccccc2)NC(=O)[C@H](Cc2ccccc2)NC1=O,"PEPTIDE1{[ac].[dC].F.F.[dW].K.T.F.[X126]}$PEPTIDE1,PEPTIDE1,9:R3-2:R3$$$",Somatostatin receptor type 2,IC50,8.32,4.8,nM,1,B,9
CHEMBL503036,CC(=O)N[C@@H]1CSS[C@H](C(=O)O)NC(=O)[C@H](Cc2ccccc2)NC(=O)[C@H]([C@@H](C)O)NC(=O)[C@H](CCCCN)NC(=O)[C@@H](Cc2c[nH]c3ccccc23)NC(=O)[C@H](Cc2ccccc2)NC(=O)[C@H](Cc2ccccc2)NC1=O,"PEPTIDE1{[ac].[dC].F.F.[dW].K.T.F.[X1956]}$PEPTIDE1,PEPTIDE1,9:R3-2:R3$$$",Somatostatin receptor type 2,IC50,7.73,18.5,nM,1,B,9
CHEMBL447064,CC(=O)N[C@H](Cc1ccc([N+](=O)[O-])cc1)C(=O)N[C@@H]1CSSC[C@@H](C(=O)N[C@H](Cc2ccc(O)cc2)C(N)=O)NC(=O)[C@H]([C@@H](C)O)NC(=O)[C@H](CCCCN)NC(=O)[C@@H](Cc2c[nH]c3ccccc23)NC(=O)[C@H](Cc2ccc(O)cc2)NC1=O,"PEPTIDE1{[ac].[X1124].[dC].Y.[dW].K.T.C.[dY].[am]}$PEPTIDE1,PEPTIDE1,8:R3-3:R3$$$",Somatostatin receptor type 2,IC50,8.44,3.6,nM,1,B,9
CHEMBL511086,C[C@@H](O)[C@@H]1NC(=O)[C@H](CCCCN)NC(=O)[C@@H](Cc2c[nH]c3ccccc23)NC(=O)[C@H](Cc2ccc(NC(N)=O)cc2)NC(=O)[C@H](NC(=O)[C@H](N)Cc2ccc(Cl)cc2)CSSC[C@@H](C(=O)N[C@@H](Cc2ccc(NC(N)=O)cc2)C(N)=O)NC1=O,"PEPTIDE1{[dPhe(4-Cl)].[dC].[X529].[dW].K.T.C.[X529].[am]}$PEPTIDE1,PEPTIDE1,7:R3-2:R3$$$",Somatostatin receptor type 2,IC50,7.82,15.0,nM,1,B,9
CHEMBL447177,C[C@@H](O)[C@@H]1NC(=O)[C@H](CCCCN)NC(=O)[C@@H](Cc2c[nH]c3ccccc23)NC(=O)[C@H](Cc2ccc(NC(N)=O)cc2)NC(=O)[C@H](NC(=O)[C@H](N)Cc2ccc(Cl)cc2)CSSC[C@@H](C(=O)N[C@H](Cc2ccc(NC(N)=O)cc2)C(=O)NCC(=O)O)NC1=O,"PEPTIDE1{[dPhe(4-Cl)].[dC].[X529].[dW].K.T.C.[X547].G}$PEPTIDE1,PEPTIDE1,7:R3-2:R3$$$",Somatostatin receptor type 2,IC50,7.28,52.0,nM,1,B,9
CHEMBL524327,C[C@@H](O)[C@@H]1NC(=O)[C@H](CCCCN)NC(=O)[C@@H](Cc2c[nH]c3ccccc23)NC(=O)[C@H](Cc2ccc(NC(N)=O)cc2)NC(=O)[C@H](NC(=O)[C@H](N)Cc2ccc(Cl)cc2)CSSC[C@@H](C(=O)N[C@H](Cc2ccc(NC(N)=O)cc2)C(N)=O)NC1=O,"PEPTIDE1{[dPhe(4-Cl)].[dC].[X529].[dW].K.T.C.[X547].[am]}$PEPTIDE1,PEPTIDE1,7:R3-2:R3$$$",Somatostatin receptor type 2,IC50,8.27,5.4,nM,1,B,9
CHEMBL525030,CC(=O)N[C@H]1SSC[C@@H](C(=O)O)NC(=O)[C@H](Cc2ccccc2)NC(=O)[C@H]([C@@H](C)O)NC(=O)[C@H](CCCCN)NC(=O)[C@@H](Cc2c[nH]c3ccccc23)NC(=O)[C@H](Cc2ccccc2)NC(=O)[C@H](Cc2ccccc2)NC1=O,"PEPTIDE1{[ac].[X126].F.F.[dW].K.T.F.C}$PEPTIDE1,PEPTIDE1,9:R3-2:R3$$$",Somatostatin receptor type 2,IC50,7.38,42.0,nM,1,B,9
CHEMBL502511,CC(=O)N[C@H]1SSC[C@H](C(=O)O)NC(=O)[C@H](Cc2ccccc2)NC(=O)[C@H]([C@@H](C)O)NC(=O)[C@H](CCCCN)NC(=O)[C@@H](Cc2c[nH]c3ccccc23)NC(=O)[C@H](Cc2ccccc2)NC(=O)[C@H](Cc2ccccc2)NC1=O,"PEPTIDE1{[ac].[X126].F.F.[dW].K.T.F.[dC]}$PEPTIDE1,PEPTIDE1,9:R3-2:R3$$$",Somatostatin receptor type 2,IC50,7.89,13.0,nM,1,B,9
CHEMBL505128,CC(=O)N[C@@H]1SSC[C@@H](C(=O)O)NC(=O)[C@H](Cc2ccccc2)NC(=O)[C@H]([C@@H](C)O)NC(=O)[C@H](CCCCN)NC(=O)[C@@H](Cc2c[nH]c3ccccc23)NC(=O)[C@H](Cc2ccccc2)NC(=O)[C@H](Cc2ccccc2)NC1=O,"PEPTIDE1{[ac].[X1956].F.F.[dW].K.T.F.C}$PEPTIDE1,PEPTIDE1,9:R3-2:R3$$$",Somatostatin receptor type 2,IC50,7.48,33.0,nM,1,B,9
CHEMBL504462,CC(=O)N[C@@H]1SSC[C@H](C(=O)O)NC(=O)[C@H](Cc2ccccc2)NC(=O)[C@H]([C@@H](C)O)NC(=O)[C@H](CCCCN)NC(=O)[C@@H](Cc2c[nH]c3ccccc23)NC(=O)[C@H](Cc2ccccc2)NC(=O)[C@H](Cc2ccccc2)NC1=O,"PEPTIDE1{[ac].[X1956].F.F.[dW].K.T.F.[dC]}$PEPTIDE1,PEPTIDE1,9:R3-2:R3$$$",Somatostatin receptor type 2,IC50,7.96,11.0,nM,1,B,9
CHEMBL506892,CC(=O)N[C@H]1SS[C@@H](C(=O)O)NC(=O)[C@H](Cc2ccccc2)NC(=O)[C@H]([C@@H](C)O)NC(=O)[C@H](CCCCN)NC(=O)[C@@H](Cc2c[nH]c3ccccc23)NC(=O)[C@H](Cc2ccccc2)NC(=O)[C@H](Cc2ccccc2)NC1=O,"PEPTIDE1{[ac].[X126].F.F.[dW].K.T.F.[X126]}$PEPTIDE1,PEPTIDE1,9:R3-2:R3$$$",Somatostatin receptor type 2,IC50,7.89,13.0,nM,1,B,9
CHEMBL505496,CC(=O)N[C@H]1SS[C@H](C(=O)O)NC(=O)[C@H](Cc2ccccc2)NC(=O)[C@H]([C@@H](C)O)NC(=O)[C@H](CCCCN)NC(=O)[C@@H](Cc2c[nH]c3ccccc23)NC(=O)[C@H](Cc2ccccc2)NC(=O)[C@H](Cc2ccccc2)NC1=O,"PEPTIDE1{[ac].[X126].F.F.[dW].K.T.F.[X1956]}$PEPTIDE1,PEPTIDE1,9:R3-2:R3$$$",Somatostatin receptor type 2,IC50,6.96,109.0,nM,1,B,9
CHEMBL524870,CC(=O)N[C@@H]1SS[C@@H](C(=O)O)NC(=O)[C@H](Cc2ccccc2)NC(=O)[C@H]([C@@H](C)O)NC(=O)[C@H](CCCCN)NC(=O)[C@@H](Cc2c[nH]c3ccccc23)NC(=O)[C@H](Cc2ccccc2)NC(=O)[C@H](Cc2ccccc2)NC1=O,"PEPTIDE1{[ac].[X1956].F.F.[dW].K.T.F.[X126]}$PEPTIDE1,PEPTIDE1,9:R3-2:R3$$$",Somatostatin receptor type 2,IC50,8.41,3.9,nM,1,B,9
CHEMBL447989,CC(=O)N[C@@H]1SS[C@H](C(=O)O)NC(=O)[C@H](Cc2ccccc2)NC(=O)[C@H]([C@@H](C)O)NC(=O)[C@H](CCCCN)NC(=O)[C@@H](Cc2c[nH]c3ccccc23)NC(=O)[C@H](Cc2ccccc2)NC(=O)[C@H](Cc2ccccc2)NC1=O,"PEPTIDE1{[ac].[X1956].F.F.[dW].K.T.F.[X1956]}$PEPTIDE1,PEPTIDE1,9:R3-2:R3$$$",Somatostatin receptor type 2,IC50,7.47,34.0,nM,1,B,9
CHEMBL409100,C[C@H](N)C(=O)NCC(=O)N[C@@H]1CSSC[C@H](C(=O)O)NC(=O)[C@@H](CO)NC(=O)[C@H]([C@@H](C)O)NC(=O)[C@@H](Cc2ccccc2)NC(=O)[C@H]([C@@H](C)O)NC(=O)[C@@H](CCCCN)NC(=O)[C@H](Cc2c[nH]c3ccccc23)NC(=O)[C@@H](Cc2ccccc2)NC(=O)[C@H](Cc2ccccc2)NC(=O)[C@@H](CCCCN)NC1=O,"PEPTIDE1{A.G.[dC].[dK].F.[dF].W.[dK].T.[dF].T.[dS].[dC]}$PEPTIDE1,PEPTIDE1,13:R3-3:R3$$$",Somatostatin receptor type 2,IC50,7.37,42.5,nM,1,B,8
CHEMBL408338,C[C@H](N)C(=O)NCC(=O)N[C@@H]1CSSC[C@@H](C(=O)O)NC(=O)[C@H](CO)NC(=O)[C@@H]([C@@H](C)O)NC(=O)[C@H](Cc2ccccc2)NC(=O)[C@@H]([C@@H](C)O)NC(=O)[C@H](CCCCN)NC(=O)[C@H](Cc2c[nH]c3ccccc23)NC(=O)[C@H](Cc2ccccc2)NC(=O)[C@@H](Cc2ccccc2)NC(=O)[C@@H](CCCCN)NC1=O,"PEPTIDE1{A.G.[dC].[dK].[dF].F.W.K.[dalloT].F.[dalloT].S.C}$PEPTIDE1,PEPTIDE1,13:R3-3:R3$$$",Somatostatin receptor type 2,IC50,7.37,43.0,nM,1,B,9
CHEMBL262379,C[C@@H](O)[C@H]1NC(=O)[C@H](Cc2ccc(O)cc2)NC(=O)[C@@H]([C@@H](C)O)NC(=O)[C@H](CCCCN)NC(=O)[C@H](Cc2c[nH]c3ccccc23)NC(=O)[C@H](Cc2ccccc2)NC(=O)[C@@H](Cc2ccccc2)NC(=O)[C@@H](CCCCN)NC(=O)[C@H](N)CSSC[C@@H](C(=O)O)NC(=O)[C@H](CO)NC1=O,"PEPTIDE1{[dC].[dK].[dF].F.W.K.[dalloT].Y.[dalloT].S.C}$PEPTIDE1,PEPTIDE1,11:R3-1:R3$$$",Somatostatin receptor type 2,IC50,7.8,16.0,nM,1,B,9
CHEMBL2371085,C[C@@H](O)[C@@H]1NC(=O)[C@H](CCCCN)NC(=O)[C@H](Cc2cccc3ccccc23)NC(=O)[C@H](Cc2ccc(O)cc2)NC(=O)[C@@H](Cc2ccccc2)NC(=O)[C@@H](N)CSSC[C@H](C(=O)O)NC(=O)[C@H](Cc2ccccc2)NC1=O,"PEPTIDE1{C.[dF].Y.[1-Nal].K.T.F.[dC]}$PEPTIDE1,PEPTIDE1,8:R3-1:R3$$$",Somatostatin receptor type 2,IC50,7.62,24.0,nM,1,B,8
CHEMBL2371051,C[C@@H](O)[C@@H]1NC(=O)[C@H](CCCCN)NC(=O)[C@H](Cc2cccc3ccccc23)NC(=O)[C@H](Cc2ccccc2)NC(=O)[C@@H](Cc2ccccc2)NC(=O)[C@H](N)CSSC[C@H](C(=O)O)NC(=O)[C@H](Cc2ccccc2)NC1=O,"PEPTIDE1{[dC].[dF].F.[1-Nal].K.T.F.[dC]}$PEPTIDE1,PEPTIDE1,8:R3-1:R3$$$",Somatostatin receptor type 2,IC50,6.76,173.0,nM,1,B,8
CHEMBL2371060,C[C@@H](O)[C@@H]1NC(=O)[C@H](CCCCN)NC(=O)[C@H](Cc2cccc3ccccc23)NC(=O)[C@H](Cc2ccc(O)cc2)NC(=O)[C@@H](Cc2ccccc2)NC(=O)[C@H](N)CSSC[C@H](C(=O)O)NC(=O)[C@H](Cc2ccccc2)NC1=O,"PEPTIDE1{[dC].[dF].Y.[1-Nal].K.T.F.[dC]}$PEPTIDE1,PEPTIDE1,8:R3-1:R3$$$",Somatostatin receptor type 2,IC50,7.24,57.0,nM,1,B,8
CHEMBL3349608,C[C@@H](O)[C@H](NC(=O)[C@@H]1CSSC[C@@H](NC(=O)[C@@H](N)Cc2ccccc2)C(=O)N[C@@H](Cc2cccnc2)C(=O)N[C@H](Cc2c[nH]c3ccccc23)C(=O)N[C@@H](CCCCN)C(=O)N[C@@H]([C@@H](C)O)C(=O)N1)C(N)=O,"PEPTIDE1{F.[dC].[3-Pal].[dW].K.T.C.T.[am]}$PEPTIDE1,PEPTIDE1,7:R3-2:R3$$$",Somatostatin receptor type 2,IC50,6.54,291.0,nM,1,B,8
CHEMBL3349617,C[C@@H](O)[C@H](NC(=O)[C@@H]1CSSC[C@@H](NC(=O)[C@@H](N)Cc2ccc(O)cc2)C(=O)N[C@@H](Cc2cccnc2)C(=O)N[C@H](Cc2c[nH]c3ccccc23)C(=O)N[C@@H](CCCCN)C(=O)N[C@@H]([C@@H](C)O)C(=O)N1)C(N)=O,"PEPTIDE1{Y.[dC].[3-Pal].[dW].K.T.C.T.[am]}$PEPTIDE1,PEPTIDE1,7:R3-2:R3$$$",Somatostatin receptor type 2,IC50,6.0,1000.0,nM,1,B,8
CHEMBL3349618,C[C@@H](O)[C@H](NC(=O)[C@@H]1CSSC[C@@H](NC(=O)[C@H](N)Cc2ccccc2)C(=O)N[C@@H](Cc2cccnc2)C(=O)N[C@H](Cc2c[nH]c3ccccc23)C(=O)N[C@@H](CCCCN)C(=O)N[C@@H]([C@@H](C)O)C(=O)N1)C(N)=O,"PEPTIDE1{[dF].[dC].[3-Pal].[dW].K.T.C.T.[am]}$PEPTIDE1,PEPTIDE1,7:R3-2:R3$$$",Somatostatin receptor type 2,IC50,6.25,566.0,nM,1,B,8
CHEMBL2370168,C[C@@H](O)[C@@H]1NC(=O)[C@H](CCCCNC(=O)[C@@H](N)Cc2ccccc2)NC(=O)[C@@H](Cc2c[nH]c3ccccc23)NC(=O)[C@H](Cc2ccccc2)NC(=O)CN(Cc2ccccc2)C(=O)[C@H](Cc2ccccc2)NC1=O,"PEPTIDE1{F}|PEPTIDE2{F.[X19].F.[dW].K.T}$PEPTIDE2,PEPTIDE2,6:R2-1:R1|PEPTIDE2,PEPTIDE1,5:R3-1:R2$$$",Somatostatin receptor type 2,Ki,8.16,6.98,nM,1,B,8
CHEMBL2370167,C[C@H](c1ccccc1)N1CC(=O)N[C@@H](Cc2ccccc2)C(=O)N[C@H](Cc2c[nH]c3ccccc23)C(=O)N[C@@H](CCCCNC(=O)[C@@H](N)Cc2ccccc2)C(=O)N[C@@H]([C@@H](C)O)C(=O)N[C@@H](Cc2ccccc2)C1=O,"PEPTIDE1{F}|PEPTIDE2{[X1276].F.[dW].K.T.F}$PEPTIDE2,PEPTIDE2,6:R2-1:R1|PEPTIDE2,PEPTIDE1,4:R3-1:R2$$$",Somatostatin receptor type 2,Ki,8.63,2.33,nM,1,B,8
CHEMBL2370166,C[C@@H](O)[C@@H]1NC(=O)[C@H](CCCCNC(=O)[C@@H](N)Cc2ccccc2)NC(=O)[C@@H](Cc2c[nH]c3ccccc23)NC(=O)[C@H](Cc2ccccc2)NC(=O)CN([C@@H](C)c2ccccc2)C(=O)[C@H](Cc2ccccc2)NC1=O,"PEPTIDE1{F}|PEPTIDE2{[X2629].F.[dW].K.T.F}$PEPTIDE2,PEPTIDE2,6:R2-1:R1|PEPTIDE2,PEPTIDE1,4:R3-1:R2$$$",Somatostatin receptor type 2,Ki,7.53,29.5,nM,1,B,8
CHEMBL407643,C[C@@H](O)[C@H](NC(=O)[C@H]1CSSC[C@H](NC(=O)[C@@H](Cc2ccccc2)NC(=O)CN2CCN(CC(=O)O)CCN(CC(=O)O)CCN(CC(=O)O)CC2)C(=O)N[C@@H](Cc2ccccc2)C(=O)N[C@@H](Cc2c[nH]c3ccccc23)C(=O)N[C@@H](CCCCNC(=O)OC(C)(C)C)C(=O)N[C@H]([C@@H](C)O)C(=O)N1)C(=O)O,"PEPTIDE1{[X2159].[dF].C.F.W.[Lys(Boc)].[dalloT].[dC].T}$PEPTIDE1,PEPTIDE1,8:R3-3:R3$$$",Somatostatin receptor type 2,Ki,8.5,3.162,nM,1,B,8
CHEMBL410194,C[C@@H](O)[C@H](NC(=O)[C@H]1CSSC[C@H](NC(=O)[C@@H](Cc2ccccc2)NC(=O)CN2CCN(CC(=O)O)CCN(CC(=O)O)CCN(CC(=O)O)CC2)C(=O)N[C@@H](Cc2ccc(O)cc2)C(=O)N[C@@H](Cc2c[nH]c3ccccc23)C(=O)N[C@@H](CCCCNC(=O)OC(C)(C)C)C(=O)N[C@H]([C@@H](C)O)C(=O)N1)C(=O)O,"PEPTIDE1{[X2159].[dF].C.Y.W.[Lys(Boc)].[dalloT].[dC].T}$PEPTIDE1,PEPTIDE1,8:R3-3:R3$$$",Somatostatin receptor type 2,Ki,8.9,1.259,nM,1,B,8
CHEMBL441920,C[C@@H](O)[C@H](NC(=O)[C@@H]1CSSC[C@H](NC(=O)[C@@H](Cc2ccccc2)NC(=O)CN2CCN(CC(=O)O)CCN(CC(=O)O)CCN(CC(=O)O)CC2)C(=O)N[C@@H](Cc2ccc(O)cc2)C(=O)N[C@H](Cc2c[nH]c3ccccc23)C(=O)N[C@@H](CCCCN)C(=O)N[C@@H]([C@@H](C)O)C(=O)N1)C(=O)O,"PEPTIDE1{[X2159].[dF].C.Y.[dW].K.T.C.T}$PEPTIDE1,PEPTIDE1,8:R3-3:R3$$$",Somatostatin receptor type 2,IC50,8.82,1.5,nM,1,B,9
CHEMBL3349514,C[C@H](N)C(=O)NCC(=O)N[C@H]1CSSC[C@@H](C(N)=O)NC(=O)[C@H](CO)NC(=O)[C@H]([C@@H](C)O)NC(=O)[C@H](Cc2ccccc2)NC(=O)[C@H]([C@@H](C)O)NC(=O)[C@H](CCCCN)NC(=O)[C@H](Cc2c[nH]c3ccccc23)NC(=O)[C@H](Cc2ccccc2)NC(=O)[C@H](C)NC(=O)[C@H](CC(N)=O)NC(=O)[C@H](CCCCN)NC1=O,"PEPTIDE1{A.G.C.K.N.A.F.W.K.T.F.T.S.C.[am]}$PEPTIDE1,PEPTIDE1,14:R3-3:R3$$$",Somatostatin receptor type 2,Ki,7.7,19.95,nM,1,B,8
CHEMBL2369719,C[C@H](N)C(=O)NCC(=O)N[C@H]1CSSC[C@@H](C(N)=O)NC(=O)[C@H](CO)NC(=O)[C@@H]([C@H](C)O)NC(=O)[C@H](Cc2ccccc2)NC(=O)[C@@H]([C@H](C)O)NC(=O)[C@@H](CCCCN)NC(=O)[C@H](Cc2c[nH]c3ccccc23)NC(=O)[C@@H](Cc2ccccc2)NC(=O)[C@H](C)NC(=O)[C@@H](CC(N)=O)NC(=O)[C@H](CCCCN)NC1=O,"PEPTIDE1{A.G.C.K.[dN].A.[dF].W.[dK].[dT].F.[dT].S.C.[am]}$PEPTIDE1,PEPTIDE1,14:R3-3:R3$$$",Somatostatin receptor type 2,Ki,7.7,20.0,nM,1,B,9
CHEMBL3349520,C[C@H](N)C(=O)NCC(=O)N[C@H]1CSSC[C@@H](C(N)=O)NC(=O)[C@H](CO)NC(=O)[C@H]([C@@H](C)O)NC(=O)[C@H](Cc2ccccc2)NC(=O)[C@H]([C@@H](C)O)NC(=O)[C@H](CCCCN)NC(=O)[C@H](Cc2c[nH]c3ccccc23)NC(=O)[C@H](C)NC(=O)[C@H](Cc2ccccc2)NC(=O)[C@H](CC(N)=O)NC(=O)[C@H](CCCCN)NC1=O,"PEPTIDE1{A.G.C.K.N.F.A.W.K.T.F.T.S.C.[am]}$PEPTIDE1,PEPTIDE1,14:R3-3:R3$$$",Somatostatin receptor type 2,Ki,7.7,19.95,nM,1,B,8
CHEMBL2369720,C[C@H](N)C(=O)NCC(=O)N[C@H]1CSSC[C@@H](C(N)=O)NC(=O)[C@H](CO)NC(=O)[C@@H]([C@H](C)O)NC(=O)[C@H](Cc2ccccc2)NC(=O)[C@@H]([C@H](C)O)NC(=O)[C@@H](CCCCN)NC(=O)[C@H](Cc2c[nH]c3ccccc23)NC(=O)[C@@H](C)NC(=O)[C@H](Cc2ccccc2)NC(=O)[C@@H](CC(N)=O)NC(=O)[C@H](CCCCN)NC1=O,"PEPTIDE1{A.G.C.K.[dN].F.[dA].W.[dK].[dT].F.[dT].S.C.[am]}$PEPTIDE1,PEPTIDE1,14:R3-3:R3$$$",Somatostatin receptor type 2,Ki,7.7,20.0,nM,1,B,9
CHEMBL3349518,C[C@H](N)C(=O)NCC(=O)N[C@H]1CSSC[C@@H](C(N)=O)NC(=O)[C@H](CO)NC(=O)[C@H]([C@@H](C)O)NC(=O)[C@H](C)NC(=O)[C@H]([C@@H](C)O)NC(=O)[C@H](CCCCN)NC(=O)[C@H](Cc2c[nH]c3ccccc23)NC(=O)[C@H](Cc2ccccc2)NC(=O)[C@H](Cc2ccccc2)NC(=O)[C@H](CC(N)=O)NC(=O)[C@H](CCCCN)NC1=O,"PEPTIDE1{A.G.C.K.N.F.F.W.K.T.A.T.S.C.[am]}$PEPTIDE1,PEPTIDE1,14:R3-3:R3$$$",Somatostatin receptor type 2,Ki,8.2,6.31,nM,1,B,8
CHEMBL1791307,C[C@H](N)C(=O)NCC(=O)N[C@H]1CSSC[C@@H](C(N)=O)NC(=O)[C@H](CO)NC(=O)[C@@H]([C@H](C)O)NC(=O)[C@H](C)NC(=O)[C@@H]([C@H](C)O)NC(=O)[C@@H](CCCCN)NC(=O)[C@H](Cc2c[nH]c3ccccc23)NC(=O)[C@@H](Cc2ccccc2)NC(=O)[C@H](Cc2ccccc2)NC(=O)[C@@H](CC(N)=O)NC(=O)[C@H](CCCCN)NC1=O,"PEPTIDE1{A.G.C.K.[dN].F.[dF].W.[dK].[dT].A.[dT].S.C.[am]}$PEPTIDE1,PEPTIDE1,14:R3-3:R3$$$",Somatostatin receptor type 2,Ki,8.2,6.3,nM,1,B,9
CHEMBL1824049,C[C@H](N)C(=O)NCC(=O)N[C@H]1CSSC[C@@H](C(=O)O)NC(=O)[C@H](CO)NC(=O)[C@H]([C@@H](C)O)NC(=O)[C@H](Cc2ccccc2)NC(=O)[C@H]([C@@H](C)O)NC(=O)[C@H](CCCCN)NC(=O)[C@H](Cc2ccc(O)cc2)NC(=O)[C@H](Cc2ccccc2)NC(=O)[C@H](Cc2ccccc2)NC(=O)[C@H](CC(N)=O)NC(=O)[C@H](CCCCN)NC1=O,"PEPTIDE1{A.G.C.K.N.F.F.Y.K.T.F.T.S.C}$PEPTIDE1,PEPTIDE1,14:R3-3:R3$$$",Somatostatin receptor type 2,IC50,7.46,35.0,nM,1,B,9
CHEMBL1824050,C[C@H](N)C(=O)NCC(=O)N[C@H]1CSSC[C@@H](C(=O)O)NC(=O)[C@H](CO)NC(=O)[C@H]([C@@H](C)O)NC(=O)[C@H](Cc2ccccc2)NC(=O)[C@H]([C@@H](C)O)NC(=O)[C@H](CCCCN)NC(=O)[C@@H](Cc2ccc(O)cc2)NC(=O)[C@H](Cc2ccccc2)NC(=O)[C@H](Cc2ccccc2)NC(=O)[C@H](CC(N)=O)NC(=O)[C@H](CCCCN)NC1=O,"PEPTIDE1{A.G.C.K.N.F.F.[dY].K.T.F.T.S.C}$PEPTIDE1,PEPTIDE1,14:R3-3:R3$$$",Somatostatin receptor type 2,IC50,8.39,4.1,nM,1,B,9
CHEMBL1824051,C[C@H](N)C(=O)NCC(=O)N[C@H]1CSSC[C@@H](C(=O)O)NC(=O)[C@H](CO)NC(=O)[C@H]([C@@H](C)O)NC(=O)[C@H](Cc2ccccc2)NC(=O)[C@H]([C@@H](C)O)NC(=O)[C@H](CCCCN)NC(=O)[C@H](Cc2ccc3ccccc3c2)NC(=O)[C@H](Cc2ccccc2)NC(=O)[C@H](Cc2ccccc2)NC(=O)[C@H](CC(N)=O)NC(=O)[C@H](CCCCN)NC1=O,"PEPTIDE1{A.G.C.K.N.F.F.[Nal].K.T.F.T.S.C}$PEPTIDE1,PEPTIDE1,14:R3-3:R3$$$",Somatostatin receptor type 2,IC50,7.82,15.0,nM,1,B,9
CHEMBL1824052,C[C@H](N)C(=O)NCC(=O)N[C@H]1CSSC[C@@H](C(=O)O)NC(=O)[C@H](CO)NC(=O)[C@H]([C@@H](C)O)NC(=O)[C@H](Cc2ccccc2)NC(=O)[C@H]([C@@H](C)O)NC(=O)[C@H](CCCCN)NC(=O)[C@@H](Cc2ccc3ccccc3c2)NC(=O)[C@H](Cc2ccccc2)NC(=O)[C@H](Cc2ccccc2)NC(=O)[C@H](CC(N)=O)NC(=O)[C@H](CCCCN)NC1=O,"PEPTIDE1{A.G.C.K.N.F.F.[dNal].K.T.F.T.S.C}$PEPTIDE1,PEPTIDE1,14:R3-3:R3$$$",Somatostatin receptor type 2,IC50,8.8,1.6,nM,1,B,9
CHEMBL3350888,C[C@@H]1NC(=O)[C@H](Cc2ccccc2)NC(=O)[C@@H](N)CSSC[C@@H](C(=O)O)NC(=O)[C@H](Cc2ccccc2)NC(=O)[C@H]([C@@H](C)O)NC(=O)[C@H](CCCCN)NC(=O)[C@H](Cc2c[nH]c3ccccc23)NC1=O,"PEPTIDE1{C.F.A.W.K.T.F.C}$PEPTIDE1,PEPTIDE1,8:R3-1:R3$$$",Somatostatin receptor type 2,IC50,6.09,807.0,nM,1,B,8
CHEMBL3350896,C[C@@H]1NC(=O)[C@H](Cc2ccccc2)NC(=O)[C@@H](N)CSSC[C@@H](C(=O)O)NC(=O)[C@H](Cc2ccccc2)NC(=O)[C@H]([C@@H](C)O)NC(=O)[C@H](CCCCN)NC(=O)[C@@H](Cc2c[nH]c3ccccc23)NC1=O,"PEPTIDE1{C.F.A.[dW].K.T.F.C}$PEPTIDE1,PEPTIDE1,8:R3-1:R3$$$",Somatostatin receptor type 2,IC50,6.74,183.0,nM,1,B,8
CHEMBL438247,C[C@@H](O)[C@@H]1NC(=O)[C@H](CCCCN)NC(=O)[C@@H](Cc2c[nH]c3ccccc23)NC(=O)[C@H](Cc2ccccc2)NC(=O)[C@@H](N)CSSC[C@@H](C(=O)O)NC1=O,"PEPTIDE1{C.F.[dW].K.T.C}$PEPTIDE1,PEPTIDE1,6:R3-1:R3$$$",Somatostatin receptor type 2,IC50,6.42,378.0,nM,1,B,9
CHEMBL3349611,CC(=O)N[C@@H]1CSSC[C@@H](C(=O)N[C@H](C(N)=O)[C@@H](C)O)NC(=O)[C@H](C(C)C)NC(=O)[C@H](CCCCN)NC(=O)[C@@H](Cc2c[nH]c3ccccc23)NC(=O)[C@H](Cc2ccc(O)cc2)NC1=O,"PEPTIDE1{[ac].[dC].Y.[dW].K.V.C.T.[am]}$PEPTIDE1,PEPTIDE1,7:R3-2:R3$$$",Somatostatin receptor type 2,IC50,6.0,1000.0,nM,1,B,8
CHEMBL3349597,C[C@@H](O)[C@H](NC(=O)[C@H](Cc1ccccc1)NC(=O)[C@@H](NC(=O)[C@H](CCCCN)NC(=O)[C@@H](Cc1c[nH]c2ccccc12)NC(=O)[C@H](Cc1ccc(O)cc1)NC(=O)[C@@H](Cc1ccccc1)NC(=O)[C@@H](N)Cc1ccccc1)[C@@H](C)O)C(N)=O,PEPTIDE1{F.[dF].Y.[dW].K.T.F.T.[am]}$$$$,Somatostatin receptor type 2,IC50,6.35,445.0,nM,1,B,8
CHEMBL3349505,CC(C)[C@H](NC(=O)[C@H](CCCCN)NC(=O)[C@@H](Cc1c[nH]c2ccccc12)NC(=O)[C@H](Cc1ccc(O)cc1)NC(=O)[C@@H](Cc1ccc(Cl)cc1)NC(=O)[C@@H](N)Cc1ccccc1)C(=O)N[C@@H](Cc1ccccc1)C(=O)N[C@H](C(N)=O)[C@@H](C)O,PEPTIDE1{F.[dPhe(4-Cl)].Y.[dW].K.V.F.T.[am]}$$$$,Somatostatin receptor type 2,IC50,6.1,797.0,nM,1,B,8
CHEMBL421362,C[C@@H](O)[C@@H]1NC(=O)[C@H](CCCCN)NC(=O)[C@@H](Cc2c[nH]c3ccccc23)NC(=O)[C@H](Cc2ccccc2)NC(=O)[C@@H]2CCCN2C(=O)[C@H](Cc2ccccc2)NC1=O,"PEPTIDE1{P.F.[dW].K.T.F}$PEPTIDE1,PEPTIDE1,6:R2-1:R1$$$",Somatostatin receptor type 2,Ki,9.2,0.631,nM,1,B,8
CHEMBL3349600,C[C@@H](O)[C@@H]1NC(=O)[C@H](CCCCN)NC(=O)[C@@H](Cc2c[nH]c3ccccc23)NC(=O)[C@H](Cc2ccccc2)NC(=O)[C@@H]2C[C@@H](O)CN2C(=O)[C@H](Cc2ccccc2)NC1=O,"PEPTIDE1{[Hyp].F.[dW].K.T.F}$PEPTIDE1,PEPTIDE1,6:R2-1:R1$$$",Somatostatin receptor type 2,Ki,9.7,0.1995,nM,1,B,8
CHEMBL261895,C[C@H](c1ccc2ccccc2c1)[C@@H]1NC(=O)[C@H](Cc2ccc(N)cc2)NC(=O)[C@@H](Cc2ccccc2)NC(=O)[C@H](NC(=O)[C@@H](N)Cc2ccc(O)cc2)CSSC[C@@H](C(=O)O)NC(=O)[C@H](Cc2ccccc2)NC(=O)[C@@H]([C@@H](C)O)NC(=O)[C@H](CCCCN)NC1=O,"PEPTIDE1{Y.[dC].[dF].[Phe(4-NH2)].[X1950].K.[dalloT].F.C}$PEPTIDE1,PEPTIDE1,9:R3-2:R3$$$",Somatostatin receptor type 2,IC50,6.32,474.0,nM,1,B,8
CHEMBL415359,C[C@@H](O)[C@H]1NC(=O)[C@H](CCCCN)NC(=O)[C@@H]([C@@H](C)c2ccc3ccccc3c2)NC(=O)[C@H](Cc2ccc(N)cc2)NC(=O)[C@@H](Cc2ccccc2)NC(=O)[C@H](NC(=O)[C@@H](N)Cc2ccc(O)cc2)CSSC[C@@H](C(=O)O)NC(=O)[C@H](Cc2ccccc2)NC1=O,"PEPTIDE1{Y.[dC].[dF].[Phe(4-NH2)].[X1965].K.[dalloT].F.C}$PEPTIDE1,PEPTIDE1,9:R3-2:R3$$$",Somatostatin receptor type 2,IC50,6.69,204.0,nM,1,B,8
CHEMBL385689,CC(C)[C@H]1NC(=O)[C@H](CCCCN)NC(=O)[C@@H](Cc2c[nH]c3ccccc23)NC(=O)[C@H](Cc2cccnc2)NC(=O)[C@@H](NC(=O)[C@@H](N)Cc2ccc3ccccc3c2)CSSC[C@H](C(=O)N[C@@H](Cc2ccc(F)cc2)C(N)=O)NC1=O,"PEPTIDE1{[Nal].C.[3-Pal].[dW].K.[dV].[dC].[X3].[am]}$PEPTIDE1,PEPTIDE1,7:R3-2:R3$$$",Somatostatin receptor type 2,Ki,7.16,69.0,nM,1,B,8
CHEMBL3349669,CC(C)[C@@H]1NC(=O)[C@H](CCCCN)NC(=O)[C@@H](Cc2c[nH]c3ccccc23)NC(=O)[C@H](Cc2cccnc2)NC(=O)[C@H](NC(=O)[C@@H](N)Cc2ccc3ccccc3c2)CSSC[C@@H](C(=O)N[C@@H](Cc2ccc(O)cc2)C(N)=O)NC1=O,"PEPTIDE1{[Nal].[dC].[3-Pal].[dW].K.V.C.Y.[am]}$PEPTIDE1,PEPTIDE1,7:R3-2:R3$$$",Somatostatin receptor type 2,IC50,7.45,35.3,nM,1,B,8
CHEMBL3349506,CC(C)[C@H](NC(=O)[C@H](CCCCN)NC(=O)[C@@H](Cc1c[nH]c2ccccc12)NC(=O)[C@H](Cc1ccc(O)cc1)NC(=O)[C@@H](Cc1ccc(Cl)cc1)NC(=O)[C@@H](N)Cc1ccc2ccccc2c1)C(=O)N[C@@H](Cc1ccccc1)C(=O)N[C@H](C(N)=O)[C@@H](C)O,PEPTIDE1{[Nal].[dPhe(4-Cl)].Y.[dW].K.V.F.T.[am]}$$$$,Somatostatin receptor type 2,IC50,6.15,706.0,nM,1,B,8
CHEMBL3349508,CC(C)[C@H](NC(=O)[C@H](CCCCN)NC(=O)[C@@H](Cc1c[nH]c2ccccc12)NC(=O)[C@H](Cc1ccc(O)cc1)NC(=O)[C@@H](Cc1ccc(Cl)cc1)NC(=O)[C@H](N)Cc1ccc2ccccc2c1)C(=O)N[C@@H](Cc1ccccc1)C(=O)N[C@H](C(N)=O)[C@@H](C)O,PEPTIDE1{[dNal].[dPhe(4-Cl)].Y.[dW].K.V.F.T.[am]}$$$$,Somatostatin receptor type 2,IC50,6.84,144.0,nM,1,B,8
CHEMBL3349680,CC(C)[C@H](NC(=O)[C@H](CCCCN)NC(=O)[C@@H](Cc1c[nH]c2ccccc12)NC(=O)[C@H](Cc1ccc(O)cc1)NC(=O)[C@@H](Cc1ccc(Cl)cc1)NC(=O)[C@@H](N)Cc1ccc2ccccc2c1)C(=O)N[C@@H](Cc1ccccc1)C(=O)N[C@@H](Cc1cccc2ccccc12)C(N)=O,PEPTIDE1{[Nal].[dPhe(4-Cl)].Y.[dW].K.V.F.[1-Nal].[am]}$$$$,Somatostatin receptor type 2,IC50,6.0,1000.0,nM,1,B,8
CHEMBL3349674,CC(C)[C@H](NC(=O)[C@H](CCCCN)NC(=O)[C@@H](Cc1c[nH]c2ccccc12)NC(=O)[C@H](Cc1ccc(O)cc1)NC(=O)[C@@H](Cc1ccc(Cl)cc1)NC(=O)[C@H](N)Cc1ccc2ccccc2c1)C(=O)N[C@@H](Cc1ccccc1)C(=O)N[C@@H](Cc1cccc2ccccc12)C(N)=O,PEPTIDE1{[dNal].[dPhe(4-Cl)].Y.[dW].K.V.F.[1-Nal].[am]}$$$$,Somatostatin receptor type 2,IC50,6.28,526.0,nM,1,B,8
CHEMBL385745,C[C@@H](O)[C@@H]1NC(=O)[C@H](CCCCN)NC(=O)[C@@H](Cc2c[nH]c3ccccc23)NC(=O)[C@H](Cc2ccccn2)NC(=O)[C@@H](NC(=O)[C@@H](N)Cc2ccc(Cl)cc2)CSSC[C@@H](C(=O)N[C@@H](Cc2ccc3ccccc3c2)C(N)=O)NC1=O,"PEPTIDE1{[Phe(4-Cl)].C.[2-Pal].[dW].K.T.C.[Nal].[am]}$PEPTIDE1,PEPTIDE1,7:R3-2:R3$$$",Somatostatin receptor type 2,Ki,6.63,233.0,nM,1,B,8
CHEMBL385746,C[C@@H](O)[C@@H]1NC(=O)[C@H](CCCCN)NC(=O)[C@@H](Cc2c[nH]c3ccccc23)NC(=O)[C@@H](Cc2ccccn2)NC(=O)[C@@H](NC(=O)[C@@H](N)Cc2ccc(Cl)cc2)CSSC[C@@H](C(=O)N[C@@H](Cc2ccc3ccccc3c2)C(N)=O)NC1=O,"PEPTIDE1{[Phe(4-Cl)].C.[d2-Pal].[dW].K.T.C.[Nal].[am]}$PEPTIDE1,PEPTIDE1,7:R3-2:R3$$$",Somatostatin receptor type 2,Ki,7.85,14.0,nM,1,B,8
CHEMBL526498,C[C@@H](O)[C@@H]1NC(=O)[C@H](CCCCN)NC(=O)[C@@H](Cc2ccc(NC(N)=O)cc2)NC(=O)[C@H](Cc2ccc(O)cc2)NC(=O)[C@H](NC(=O)[C@H](N)Cc2ccc([N+](=O)[O-])cc2)CSSC[C@@H](C(=O)N[C@@H](Cc2ccc3ccccc3c2)C(N)=O)NC1=O,"PEPTIDE1{[X1124].[dC].Y.[X547].K.T.C.[Nal].[am]}$PEPTIDE1,PEPTIDE1,7:R3-2:R3$$$",Somatostatin receptor type 2,IC50,8.59,2.6,nM,1,B,9
CHEMBL447658,C[C@@H](O)[C@@H]1NC(=O)[C@H](CCCCN)NC(=O)[C@@H](Cc2ccc(NC(N)=O)cc2)NC(=O)[C@H](Cc2ccc(O)cc2)NC(=O)[C@H](NC(=O)[C@H](N)Cc2ccc(Cl)cc2)CSSC[C@@H](C(=O)N[C@@H](Cc2ccc3ccccc3c2)C(N)=O)NC1=O,"PEPTIDE1{[dPhe(4-Cl)].[dC].Y.[X547].K.T.C.[Nal].[am]}$PEPTIDE1,PEPTIDE1,7:R3-2:R3$$$",Somatostatin receptor type 2,IC50,8.43,3.7,nM,1,B,9
CHEMBL3122130,C[C@H](NC(=O)CN1CCN(CC(=O)O)CCN(CC(=O)O)CCN(CC(=O)O)CC1)C(=O)NCC(=O)N[C@H]1CSSC[C@@H](C(=O)O)NC(=O)[C@H](CO)NC(=O)[C@H]([C@@H](C)O)NC(=O)[C@H](Cc2ccccc2)NC(=O)[C@H]([C@@H](C)O)NC(=O)[C@H](CCCCN)NC(=O)[C@@H](Cc2c[nH]c3ccccc23)NC(=O)[C@H](Cc2ccccc2)NC(=O)[C@H](Cc2ccccc2)NC(=O)[C@H](CC(N)=O)NC(=O)[C@H](CCCCN)NC1=O,"PEPTIDE1{[X2159].A.G.C.K.N.F.F.[dW].K.T.F.T.S.C}$PEPTIDE1,PEPTIDE1,15:R3-4:R3$$$",Somatostatin receptor type 2,IC50,8.82,1.5,nM,1,B,9
CHEMBL3122127,C[C@H](NC(=O)CN1CCN(CC(=O)O)CCN(CC(=O)O)CCN(CC(=O)O)CC1)C(=O)NCC(=O)N[C@H]1CSSC[C@H](C(=O)O)NC(=O)[C@H](CO)NC(=O)[C@H]([C@@H](C)O)NC(=O)[C@H](Cc2ccccc2)NC(=O)[C@H]([C@@H](C)O)NC(=O)[C@H](CCCCN)NC(=O)[C@@H](Cc2c[nH]c3ccccc23)NC(=O)[C@H](Cc2ccccc2)NC(=O)[C@H](Cc2ccccc2)NC(=O)[C@H](CC(N)=O)NC(=O)[C@H](CCCNC(=N)N)NC1=O,"PEPTIDE1{[X2159].A.G.C.R.N.F.F.[dW].K.T.F.T.S.[dC]}$PEPTIDE1,PEPTIDE1,15:R3-4:R3$$$",Somatostatin receptor type 2,IC50,8.8,1.6,nM,1,B,9
CHEMBL3122123,CCCC[C@H](NC(=O)CNC(=O)[C@H](C)NC(=O)CN1CCN(CC(=O)O)CCN(CC(=O)O)CCN(CC(=O)O)CC1)C(=O)N[C@@H](CCCCN)C(=O)N[C@H]1CSSC[C@@H](C(=O)N[C@@H](CO)C(=O)NCC(=O)O)NC(=O)[C@H](Cc2ccccc2)NC(=O)[C@H]([C@@H](C)O)NC(=O)[C@H](CCCCN)NC(=O)[C@@H](Cc2c[nH]c3ccccc23)NC(=O)[C@H](Cc2ccccc2)NC(=O)[C@H](Cc2ccccc2)NC1=O,"PEPTIDE1{[X2159].A.G.[Nle].K.C.F.F.[dW].K.T.F.C.S.G}$PEPTIDE1,PEPTIDE1,13:R3-6:R3$$$",Somatostatin receptor type 2,IC50,7.96,11.0,nM,1,B,9
CHEMBL3122124,CCCC[C@H](NC(=O)CNC(=O)[C@H](C)NC(=O)CN1CCN(CC(=O)O)CCN(CC(=O)O)CCN(CC(=O)O)CC1)C(=O)N[C@@H](CCCCN)C(=O)N[C@@H]1CSSC[C@@H](C(=O)N[C@@H](CO)C(=O)NCC(=O)O)NC(=O)[C@H](Cc2ccccc2)NC(=O)[C@H]([C@@H](C)O)NC(=O)[C@H](CCCCN)NC(=O)[C@@H](Cc2c[nH]c3ccccc23)NC(=O)[C@H](Cc2ccccc2)NC(=O)[C@H](Cc2ccccc2)NC1=O,"PEPTIDE1{[X2159].A.G.[Nle].K.[dC].F.F.[dW].K.T.F.C.S.G}$PEPTIDE1,PEPTIDE1,13:R3-6:R3$$$",Somatostatin receptor type 2,IC50,7.3,50.0,nM,1,B,9
CHEMBL498945,C[C@@H](O)[C@@H]1NC(=O)[C@H](CCCCN)NC(=O)[C@@H](Cc2ccc(NC(N)=O)cc2)NC(=O)[C@H](Cc2ccc(O)cc2)NC(=O)[C@H](NC(=O)[C@@H](Cc2ccc([N+](=O)[O-])cc2)NC(=O)CN2CCN(CC(=O)O)CCN(CC(=O)O)CCN(CC(=O)O)CC2)CSSC[C@@H](C(=O)N[C@@H](Cc2ccc3ccccc3c2)C(N)=O)NC1=O,"PEPTIDE1{[X2159].[X1124].[dC].Y.[X547].K.T.C.[Nal].[am]}$PEPTIDE1,PEPTIDE1,8:R3-3:R3$$$",Somatostatin receptor type 2,IC50,8.89,1.3,nM,1,B,9
CHEMBL526524,C[C@@H](O)[C@@H]1NC(=O)[C@H](CCCCN)NC(=O)[C@@H](Cc2ccc(NC(N)=O)cc2)NC(=O)[C@H](Cc2ccc(O)cc2)NC(=O)[C@H](NC(=O)[C@@H](Cc2ccc(Cl)cc2)NC(=O)CN2CCN(CC(=O)O)CCN(CC(=O)O)CCN(CC(=O)O)CC2)CSSC[C@@H](C(=O)N[C@@H](Cc2ccc3ccccc3c2)C(N)=O)NC1=O,"PEPTIDE1{[X2159].[dPhe(4-Cl)].[dC].Y.[X547].K.T.C.[Nal].[am]}$PEPTIDE1,PEPTIDE1,8:R3-3:R3$$$",Somatostatin receptor type 2,IC50,8.85,1.4,nM,1,B,9
CHEMBL508585,C[C@@H](O)[C@@H]1NC(=O)[C@H](CCCCN)NC(=O)[C@@H](Cc2c[nH]c3ccccc23)NC(=O)[C@H](Cc2ccc(O)cc2)NC(=O)[C@H](NC(=O)[C@@H](Cc2ccc([N+](=O)[O-])cc2)NC(=O)CN2CCN(CC(=O)O)CCN(CC(=O)O)CCN(CC(=O)O)CC2)CSSC[C@@H](C(=O)N[C@H](Cc2ccc(O)cc2)C(N)=O)NC1=O,"PEPTIDE1{[X2159].[X1124].[dC].Y.[dW].K.T.C.[dY].[am]}$PEPTIDE1,PEPTIDE1,8:R3-3:R3$$$",Somatostatin receptor type 2,IC50,8.82,1.5,nM,1,B,9
CHEMBL499939,C[C@@H](O)[C@@H]1NC(=O)[C@H](CCCCN)NC(=O)[C@@H](Cc2c[nH]c3ccccc23)NC(=O)[C@H](Cc2ccc(O)c(I)c2)NC(=O)[C@H](NC(=O)[C@@H](Cc2ccc([N+](=O)[O-])cc2)NC(=O)CN2CCN(CC(=O)O)CCN(CC(=O)O)CCN(CC(=O)O)CC2)CSSC[C@@H](C(=O)N[C@H](Cc2ccc(O)cc2)C(N)=O)NC1=O,"PEPTIDE1{[X2159].[X1124].[dC].[X403].[dW].K.T.C.[dY].[am]}$PEPTIDE1,PEPTIDE1,8:R3-3:R3$$$",Somatostatin receptor type 2,IC50,8.92,1.2,nM,1,B,9
CHEMBL504248,CC(=O)N[C@H]1CCSSC[C@@H](C(=O)O)NC(=O)[C@H](Cc2ccccc2)NC(=O)[C@H]([C@@H](C)O)NC(=O)[C@H](CCCCN)NC(=O)[C@@H](Cc2c[nH]c3ccccc23)NC(=O)[C@H](Cc2ccccc2)NC(=O)[C@H](Cc2ccccc2)NC1=O,"PEPTIDE1{[ac].[Hcy].F.F.[dW].K.T.F.C}$PEPTIDE1,PEPTIDE1,9:R3-2:R3$$$",Somatostatin receptor type 2,IC50,7.4,40.0,nM,1,B,9
CHEMBL504087,CC(=O)N[C@@H]1CCSSC[C@@H](C(=O)O)NC(=O)[C@H](Cc2ccccc2)NC(=O)[C@H]([C@@H](C)O)NC(=O)[C@H](CCCCN)NC(=O)[C@@H](Cc2c[nH]c3ccccc23)NC(=O)[C@H](Cc2ccccc2)NC(=O)[C@H](Cc2ccccc2)NC1=O,"PEPTIDE1{[ac].[dHcy].F.F.[dW].K.T.F.C}$PEPTIDE1,PEPTIDE1,9:R3-2:R3$$$",Somatostatin receptor type 2,IC50,8.19,6.5,nM,1,B,9
CHEMBL263587,C[C@@H](O)[C@H]1NC(=O)[C@H](CCCCN)NC(=O)[C@H](Cc2c[nH]c3ccccc23)NC(=O)[C@H](Cc2ccccc2)NC(=O)[C@@H](Cc2ccccc2)NC(=O)[C@H](CC(N)=O)NC(=O)[C@H](N)CSSC[C@@H](C(=O)O)NC(=O)[C@H](Cc2ccccc2)NC1=O,"PEPTIDE1{[dC].N.[dF].F.W.K.[dalloT].F.C}$PEPTIDE1,PEPTIDE1,9:R3-1:R3$$$",Somatostatin receptor type 2,IC50,7.02,95.0,nM,1,B,9
CHEMBL216992,C[C@@H](O)[C@H]1NC(=O)[C@H](CCCCN)NC(=O)[C@H](Cc2c[nH]c3ccccc23)NC(=O)[C@H](Cc2ccccc2)NC(=O)[C@@H](Cc2ccccc2)NC(=O)[C@@H](CCCCN)NC(=O)[C@H](N)CSSC[C@@H](C(=O)O)NC(=O)[C@H](Cc2ccccc2)NC1=O,"PEPTIDE1{[dC].[dK].[dF].F.W.K.[dalloT].F.C}$PEPTIDE1,PEPTIDE1,9:R3-1:R3$$$",Somatostatin receptor type 2,IC50,7.82,15.0,nM,1,B,9
CHEMBL412629,CNCc1ccc(C[C@@H]2NC(=O)[C@@H](Cc3ccc4ccccc4c3)NC(=O)[C@H](Cc3ccccc3)NC(=O)[C@@H](Cc3ccccc3)NC(=O)[C@@H](CCCCN)NC(=O)[C@H](N)CSSC[C@@H](C(=O)O)NC(=O)[C@H](CO)NC(=O)[C@@H]([C@@H](C)O)NC(=O)[C@H](Cc3ccccc3)NC(=O)[C@@H]([C@@H](C)O)NC2=O)cc1,"PEPTIDE1{[dC].[dK].[dF].F.[dNal].[X1990].[dalloT].F.[dalloT].S.C}$PEPTIDE1,PEPTIDE1,11:R3-1:R3$$$",Somatostatin receptor type 2,IC50,6.25,556.0,nM,1,B,8
CHEMBL437451,C[C@@H](O)[C@H]1NC(=O)[C@H](Cc2ccccc2)NC(=O)[C@@H]([C@@H](C)O)NC(=O)[C@H](Cc2ccc(CN)cc2)NC(=O)[C@@H](Cc2ccc3ccccc3c2)NC(=O)[C@H](Cc2ccccc2)NC(=O)[C@@H](Cc2ccccc2)NC(=O)[C@@H](CCCCN)NC(=O)[C@H](N)CSSC[C@@H](C(=O)O)NC(=O)[C@H](CO)NC1=O,"PEPTIDE1{[dC].[dK].[dF].F.[dNal].[X966].[dalloT].F.[dalloT].S.C}$PEPTIDE1,PEPTIDE1,11:R3-1:R3$$$",Somatostatin receptor type 2,IC50,6.46,343.0,nM,1,B,8
CHEMBL415860,C[C@@H](O)[C@@H](NC(=O)[C@H]1CSSC[C@H](NC(=O)[C@@H](N)Cc2ccccc2)C(=O)N[C@@H](Cc2ccccc2)C(=O)N[C@H](Cc2c[nH]c3ccccc23)C(=O)N[C@@H](CCCCN)C(=O)N[C@H]([C@@H](C)O)C(=O)N1)C(=O)O,"PEPTIDE1{F.C.F.[dW].K.[dalloT].[dC].[dalloT]}$PEPTIDE1,PEPTIDE1,7:R3-2:R3$$$",Somatostatin receptor type 2,IC50,9.55,0.28,nM,1,B,8
CHEMBL421493,C[C@@H](O)[C@H]1NC(=O)[C@H](CCCCN)NC(=O)[C@@H](Cc2c[nH]c3ccccc23)NC(=O)[C@H](Cc2ccccc2)NC(=O)[C@@H](NC(=O)[C@@H](N)Cc2ccccc2)CSSC[C@H](C(=O)O)NC1=O,"PEPTIDE1{F.C.F.[dW].K.[dalloT].[dC]}$PEPTIDE1,PEPTIDE1,7:R3-2:R3$$$",Somatostatin receptor type 2,IC50,7.87,13.62,nM,1,B,8
CHEMBL269532,CC(C)[C@H]1NC(=O)[C@H](CCCCN)NC(=O)[C@@H](Cc2c[nH]c3ccccc23)NC(=O)[C@H](Cc2ccc(O)cc2)NC(=O)[C@@H](NC(=O)[C@@H](N)Cc2ccccc2)CSSC[C@H](C(=O)N[C@@H](CC(=O)O)C(N)=O)NC1=O,"PEPTIDE1{F.C.Y.[dW].K.[dV].[dC].D.[am]}$PEPTIDE1,PEPTIDE1,7:R3-2:R3$$$",Somatostatin receptor type 2,IC50,7.73,18.6,nM,1,B,9
CHEMBL262017,CC(C)[C@H]1NC(=O)[C@H](CCCCN)NC(=O)[C@@H](Cc2c[nH]c3ccccc23)NC(=O)[C@H](Cc2ccc(O)cc2)NC(=O)[C@@H](NC(=O)[C@@H](N)Cc2ccccc2)CSSC[C@H](C(=O)N[C@H](C=O)[C@@H](C)O)NC1=O,"PEPTIDE1{F.C.Y.[dW].K.[dV].[dC].[X2065]}$PEPTIDE1,PEPTIDE1,7:R3-2:R3$$$",Somatostatin receptor type 2,Ki,8.77,1.7,nM,1,B,9
CHEMBL3349612,CC(C)[C@@H]1NC(=O)[C@H](CCCCN)NC(=O)[C@@H](Cc2c[nH]c3ccccc23)NC(=O)[C@H](Cc2ccc(O)cc2)NC(=O)[C@H](NC(=O)[C@@H](N)Cc2ccccc2)CSSC[C@@H](C(=O)N[C@H](C(N)=O)[C@@H](C)O)NC1=O,"PEPTIDE1{F.[dC].Y.[dW].K.V.C.T.[am]}$PEPTIDE1,PEPTIDE1,7:R3-2:R3$$$",Somatostatin receptor type 2,IC50,6.71,197.0,nM,1,B,8
CHEMBL407571,CN[C@H](Cc1ccccc1)C(=O)N[C@@H]1CSSC[C@@H](C(=O)N[C@H](C(N)=O)[C@@H](C)O)NC(=O)[C@H]([C@@H](C)O)NC(=O)[C@H](CCCCN)NC(=O)[C@H](Cc2c[nH]c3ccccc23)NC(=O)[C@H](Cc2ccccc2)NC1=O,"PEPTIDE1{[Me_dF].[dC].F.W.K.T.C.T.[am]}$PEPTIDE1,PEPTIDE1,7:R3-2:R3$$$",Somatostatin receptor type 2,Kd,8.99,1.03,nM,1,B,8
CHEMBL413373,CN[C@H](Cc1ccc(O)cc1)C(=O)N[C@@H]1CSSC[C@@H](C(=O)N[C@H](C(N)=O)[C@@H](C)O)NC(=O)[C@H]([C@@H](C)O)NC(=O)[C@H](CCCCN)NC(=O)[C@H](Cc2c[nH]c3ccccc23)NC(=O)[C@H](Cc2ccccc2)NC1=O,"PEPTIDE1{[Me_dY].[dC].F.W.K.T.C.T.[am]}$PEPTIDE1,PEPTIDE1,7:R3-2:R3$$$",Somatostatin receptor type 2,Kd,8.01,9.74,nM,1,B,8
CHEMBL414316,CC(C)[C@H]1NC(=O)[C@H](CCCCN)NC(=O)[C@@H](Cc2c[nH]c3ccccc23)NC(=O)[C@H](Cc2ccc(O)cc2)NC(=O)[C@@H](NC(=O)[C@@H](N)Cc2ccc(N)cc2)CSSC[C@H](C(=O)N[C@@H](CC(=O)O)C(N)=O)NC1=O,"PEPTIDE1{[Phe(4-NH2)].C.Y.[dW].K.[dV].[dC].D.[am]}$PEPTIDE1,PEPTIDE1,7:R3-2:R3$$$",Somatostatin receptor type 2,IC50,7.96,11.0,nM,1,B,9
CHEMBL386909,CC(C)[C@H]1NC(=O)[C@H](CCCCN)NC(=O)[C@@H](Cc2c[nH]c3ccccc23)NC(=O)[C@H](Cc2ccc(O)cc2)NC(=O)[C@@H](NC(=O)[C@@H](N)Cc2ccc(N)cc2)CSSC[C@H](C(=O)N[C@H](C(N)=O)[C@@H](C)O)NC1=O,"PEPTIDE1{[Phe(4-NH2)].C.Y.[dW].K.[dV].[dC].T.[am]}$PEPTIDE1,PEPTIDE1,7:R3-2:R3$$$",Somatostatin receptor type 2,IC50,8.8,1.6,nM,1,B,9
CHEMBL441185,CC(C)[C@H]1NC(=O)[C@H](CCCCN)NC(=O)[C@@H](Cc2c[nH]c3ccccc23)NC(=O)[C@H](Cc2ccc(O)cc2)NC(=O)[C@@H](NC(=O)[C@@H](N)Cc2ccc(N)cc2)CSSC[C@H](C(=O)N[C@H](CC(=O)O)C(N)=O)NC1=O,"PEPTIDE1{[Phe(4-NH2)].C.Y.[dW].K.[dV].[dC].[dD].[am]}$PEPTIDE1,PEPTIDE1,7:R3-2:R3$$$",Somatostatin receptor type 2,IC50,8.96,1.1,nM,1,B,9
CHEMBL263209,CC(C)[C@H]1NC(=O)[C@H](CCCCN)NC(=O)[C@@H](Cc2c[nH]c3ccccc23)NC(=O)[C@H](Cc2ccc(O)cc2)NC(=O)[C@@H](NC(=O)[C@@H](N)Cc2ccc(N)cc2)CSSC[C@H](C(=O)N[C@@H](C(N)=O)[C@H](C)O)NC1=O,"PEPTIDE1{[Phe(4-NH2)].C.Y.[dW].K.[dV].[dC].[dT].[am]}$PEPTIDE1,PEPTIDE1,7:R3-2:R3$$$",Somatostatin receptor type 2,IC50,7.77,17.0,nM,1,B,9
CHEMBL440636,CC(C)[C@H]1NC(=O)[C@H](CCCCN)NC(=O)[C@@H](Cc2c[nH]c3ccccc23)NC(=O)[C@H](Cc2ccc(O)c(I)c2)NC(=O)[C@@H](NC(=O)[C@@H](N)Cc2ccc(N)cc2)CSSC[C@H](C(=O)N[C@H](C(N)=O)[C@@H](C)O)NC1=O,"PEPTIDE1{[Phe(4-NH2)].C.[X403].[dW].K.[dV].[dC].T.[am]}$PEPTIDE1,PEPTIDE1,7:R3-2:R3$$$",Somatostatin receptor type 2,IC50,8.21,6.2,nM,1,B,9
CHEMBL412029,C[C@@H](O)[C@H](NC(=O)[C@@H]1CSSC[C@H](NC(=O)[C@H](Cc2ccccc2)NC(N)=O)C(=O)N[C@@H](Cc2ccc(NC(N)=O)cc2)C(=O)N[C@H](Cc2c[nH]c3ccccc23)C(=O)N[C@@H](CCCCN)C(=O)N[C@@H]([C@@H](C)O)C(=O)N1)C(N)=O,"PEPTIDE1{[X1602].C.[X529].[dW].K.T.C.T.[am]}$PEPTIDE1,PEPTIDE1,7:R3-2:R3$$$",Somatostatin receptor type 2,IC50,8.12,7.5,nM,1,B,9
CHEMBL436678,CC(C)[C@H]1NC(=O)[C@H](CCCCN)NC(=O)[C@@H](Cc2c[nH]c3ccccc23)NC(=O)[C@H](Cc2ccc(O)cc2)NC(=O)[C@@H](NC(=O)[C@@H](N)Cc2ccc(N)c(I)c2)CSSC[C@H](C(=O)N[C@@H](CC(=O)O)C(N)=O)NC1=O,"PEPTIDE1{[X1952].C.Y.[dW].K.[dV].[dC].D.[am]}$PEPTIDE1,PEPTIDE1,7:R3-2:R3$$$",Somatostatin receptor type 2,IC50,7.92,12.0,nM,1,B,9
CHEMBL407676,CC(C)[C@H]1NC(=O)[C@H](CCCCN)NC(=O)[C@@H](Cc2c[nH]c3ccccc23)NC(=O)[C@H](Cc2ccc(O)cc2)NC(=O)[C@@H](NC(=O)[C@@H](N)Cc2ccc(N)c(I)c2)CSSC[C@H](C(=O)N[C@H](C(N)=O)[C@@H](C)O)NC1=O,"PEPTIDE1{[X1952].C.Y.[dW].K.[dV].[dC].T.[am]}$PEPTIDE1,PEPTIDE1,7:R3-2:R3$$$",Somatostatin receptor type 2,IC50,8.85,1.4,nM,1,B,9
CHEMBL410110,CC(C)[C@H]1NC(=O)[C@H](CCCCN)NC(=O)[C@@H](Cc2c[nH]c3ccccc23)NC(=O)[C@H](Cc2ccc(O)c(I)c2)NC(=O)[C@@H](NC(=O)[C@@H](N)Cc2ccc(N)c(I)c2)CSSC[C@H](C(=O)N[C@@H](CC(=O)O)C(N)=O)NC1=O,"PEPTIDE1{[X1952].C.[X403].[dW].K.[dV].[dC].D.[am]}$PEPTIDE1,PEPTIDE1,7:R3-2:R3$$$",Somatostatin receptor type 2,IC50,8.72,1.9,nM,1,B,9
CHEMBL264133,CC(C)[C@H]1NC(=O)[C@H](CCCCN)NC(=O)[C@@H](Cc2c[nH]c3ccccc23)NC(=O)[C@H](Cc2ccc(O)c(I)c2)NC(=O)[C@@H](NC(=O)[C@@H](N)Cc2ccc(N)c(I)c2)CSSC[C@H](C(=O)N[C@H](C(N)=O)[C@@H](C)O)NC1=O,"PEPTIDE1{[X1952].C.[X403].[dW].K.[dV].[dC].T.[am]}$PEPTIDE1,PEPTIDE1,7:R3-2:R3$$$",Somatostatin receptor type 2,IC50,9.2,0.63,nM,1,B,9
CHEMBL436892,CONC(=O)Nc1ccc(C[C@@H]2NC(=O)[C@@H](NC(=O)[C@@H](Cc3ccccc3)NC(N)=O)CSSC[C@@H](C(=O)N[C@H](C(N)=O)[C@@H](C)O)NC(=O)[C@H]([C@@H](C)O)NC(=O)[C@H](CCCCN)NC(=O)[C@@H](Cc3c[nH]c4ccccc34)NC2=O)cc1,"PEPTIDE1{[X1972].C.[X339].[dW].K.T.C.T.[am]}$PEPTIDE1,PEPTIDE1,7:R3-2:R3$$$",Somatostatin receptor type 2,IC50,8.51,3.1,nM,1,B,9
CHEMBL219201,C[C@@H](O)[C@H](NC(=O)[C@@H]1CSSC[C@H](NC(=O)[C@@H](Cc2ccccc2)NC(N)=O)C(=O)N[C@@H](Cc2ccc(NC(N)=O)cc2)C(=O)N[C@H](Cc2c[nH]c3ccccc23)C(=O)N[C@@H](CCCCN)C(=O)N[C@@H]([C@@H](C)O)C(=O)N1)C(N)=O,"PEPTIDE1{[X1972].C.[X529].[dW].K.T.C.T.[am]}$PEPTIDE1,PEPTIDE1,7:R3-2:R3$$$",Somatostatin receptor type 2,IC50,8.21,6.2,nM,1,B,9
CHEMBL219375,C[C@@H](O)[C@H](NC(=O)[C@@H]1CSSC[C@H](NC(=O)[C@H](N)Cc2ccccc2)C(=O)N[C@@H](Cc2ccccc2)C(=O)N[C@H](Cc2c[nH]c3ccccc23)C(=O)N[C@@H](CCCCN)C(=O)N[C@@H]([C@@H](C)O)C(=O)N1)C(N)=O,"PEPTIDE1{[dF].C.F.[dW].K.T.C.T.[am]}$PEPTIDE1,PEPTIDE1,7:R3-2:R3$$$",Somatostatin receptor type 2,IC50,8.72,2.2,nM,1,B,9
CHEMBL405421,C[C@@H](O)[C@H](NC(=O)[C@@H]1CSSC[C@@H](N(C)C(=O)[C@H](N)Cc2ccccc2)C(=O)N[C@@H](Cc2ccccc2)C(=O)N[C@@H](Cc2c[nH]c3ccccc23)C(=O)N[C@@H](CCCCN)C(=O)N[C@@H]([C@@H](C)O)C(=O)N1)C(N)=O,"PEPTIDE1{[dF].[Me_dC].F.W.K.T.C.T.[am]}$PEPTIDE1,PEPTIDE1,7:R3-2:R3$$$",Somatostatin receptor type 2,Kd,8.98,1.04,nM,1,B,8
CHEMBL408752,C[C@@H](O)[C@H](NC(=O)[C@@H]1CSSC[C@@H](NC(=O)[C@H](N)Cc2ccccc2)C(=O)N[C@@H](Cc2ccccc2)C(=O)N[C@@H](Cc2c[nH]c3ccccc23)C(=O)N[C@@H](CCCCN)C(=O)N[C@@H]([C@@H](C)O)C(=O)N1)C(N)=O,"PEPTIDE1{[dF].[dC].F.W.K.T.C.T.[am]}$PEPTIDE1,PEPTIDE1,7:R3-2:R3$$$",Somatostatin receptor type 2,Kd,9.82,0.15,nM,1,B,8
CHEMBL265636,C[C@@H](O)[C@@H]1NC(=O)[C@H](CCCCN)NC(=O)[C@H](Cc2c[nH]c3ccccc23)NC(=O)[C@H](Cc2ccccc2)NC(=O)[C@H](NC(=O)[C@H](N)Cc2ccccc2)CSSC[C@@H](C(=O)N(C)[C@H](C(N)=O)[C@@H](C)O)NC1=O,"PEPTIDE1{[dF].[dC].F.W.K.T.C.[meT].[am]}$PEPTIDE1,PEPTIDE1,7:R3-2:R3$$$",Somatostatin receptor type 2,Kd,7.83,14.84,nM,1,B,8
CHEMBL409019,C[C@@H](O)[C@H](NC(=O)[C@@H]1CSSC[C@@H](NC(=O)[C@H](N)Cc2ccccc2)C(=O)N[C@@H](Cc2ccccc2)C(=O)N[C@@H](Cc2c[nH]c3ccccc23)C(=O)N[C@@H](CCCCN)C(=O)N[C@@H]([C@@H](C)O)C(=O)N1C)C(N)=O,"PEPTIDE1{[dF].[dC].F.W.K.T.[meC].T.[am]}$PEPTIDE1,PEPTIDE1,7:R3-2:R3$$$",Somatostatin receptor type 2,Kd,7.25,56.23,nM,1,B,8
CHEMBL412466,C[C@@H](O)[C@H](NC(=O)[C@@H]1CSSC[C@@H](NC(=O)[C@H](N)Cc2ccccc2)C(=O)N[C@@H](Cc2ccccc2)C(=O)N[C@@H](Cc2c[nH]c3ccccc23)C(=O)N(C)[C@@H](CCCCN)C(=O)N[C@@H]([C@@H](C)O)C(=O)N1)C(N)=O,"PEPTIDE1{[dF].[dC].F.W.[meK].T.C.T.[am]}$PEPTIDE1,PEPTIDE1,7:R3-2:R3$$$",Somatostatin receptor type 2,Kd,8.73,1.84,nM,1,B,8
CHEMBL407209,C[C@@H](O)[C@H](NC(=O)[C@@H]1CSSC[C@@H](NC(=O)[C@H](N)Cc2ccccc2)C(=O)N[C@@H](Cc2ccccc2)C(=O)N(C)[C@@H](Cc2c[nH]c3ccccc23)C(=O)N[C@@H](CCCCN)C(=O)N[C@@H]([C@@H](C)O)C(=O)N1)C(N)=O,"PEPTIDE1{[dF].[dC].F.[meW].K.T.C.T.[am]}$PEPTIDE1,PEPTIDE1,7:R3-2:R3$$$",Somatostatin receptor type 2,Kd,7.63,23.5,nM,1,B,8
CHEMBL3349613,CC[C@@H]1NC(=O)[C@H](CCCCN)NC(=O)[C@@H](Cc2c[nH]c3ccccc23)NC(=O)[C@H](Cc2ccc(O)cc2)NC(=O)[C@H](NC(=O)[C@H](N)Cc2ccccc2)CSSC[C@@H](C(=O)N[C@H](C(N)=O)[C@@H](C)O)NC1=O,"PEPTIDE1{[dF].[dC].Y.[dW].K.[Abu].C.T.[am]}$PEPTIDE1,PEPTIDE1,7:R3-2:R3$$$",Somatostatin receptor type 2,IC50,6.74,183.0,nM,1,B,8
CHEMBL384164,C[C@@H](O)[C@H](NC(=O)[C@@H]1CSSC[C@@H](NC(=O)[C@H](N)Cc2ccccc2)C(=O)N(C)[C@@H](Cc2ccccc2)C(=O)N[C@@H](Cc2c[nH]c3ccccc23)C(=O)N[C@@H](CCCCN)C(=O)N[C@@H]([C@@H](C)O)C(=O)N1)C(N)=O,"PEPTIDE1{[dF].[dC].[meF].W.K.T.C.T.[am]}$PEPTIDE1,PEPTIDE1,7:R3-2:R3$$$",Somatostatin receptor type 2,Kd,7.88,13.17,nM,1,B,8
CHEMBL3349610,CC(C)[C@@H]1NC(=O)[C@H](CCCCN)NC(=O)[C@@H](Cc2c[nH]c3ccccc23)NC(=O)[C@H](Cc2ccc(O)cc2)NC(=O)[C@H](NC(=O)[C@H](N)Cc2ccccc2)C(C)(C)SSC[C@@H](C(=O)N[C@H](C(N)=O)[C@@H](C)O)NC1=O,"PEPTIDE1{[dF].[dPen].Y.[dW].K.V.C.T.[am]}$PEPTIDE1,PEPTIDE1,7:R3-2:R3$$$",Somatostatin receptor type 2,IC50,5.59,2546.0,nM,1,B,8
CHEMBL509363,C[C@@H](O)[C@@H]1NC(=O)[C@H](CCCCN)NC(=O)[C@@H](Cc2c[nH]c3ccccc23)NC(=O)[C@H](Cc2ccc(NC(N)=O)cc2)NC(=O)[C@H](NC(=O)[C@H](N)Cc2ccc(Cl)cc2)CSSC[C@@H](C(N)=O)NC1=O,"PEPTIDE1{[dPhe(4-Cl)].[dC].[X529].[dW].K.T.C.[am]}$PEPTIDE1,PEPTIDE1,7:R3-2:R3$$$",Somatostatin receptor type 2,IC50,8.23,5.9,nM,1,B,9
CHEMBL405561,C[C@@H](O)[C@H](NC(=O)[C@@H]1CSSC[C@@H](N(C)C(=O)[C@H](N)Cc2ccc(O)cc2)C(=O)N[C@@H](Cc2ccccc2)C(=O)N[C@@H](Cc2c[nH]c3ccccc23)C(=O)N[C@@H](CCCCN)C(=O)N[C@@H]([C@@H](C)O)C(=O)N1)C(N)=O,"PEPTIDE1{[dY].[Me_dC].F.W.K.T.C.T.[am]}$PEPTIDE1,PEPTIDE1,7:R3-2:R3$$$",Somatostatin receptor type 2,Kd,8.05,8.96,nM,1,B,8
CHEMBL385409,C[C@@H](O)[C@H](NC(=O)[C@@H]1CSSC[C@@H](NC(=O)[C@H](N)Cc2ccc(O)cc2)C(=O)N[C@@H](Cc2ccccc2)C(=O)N[C@@H](Cc2c[nH]c3ccccc23)C(=O)N[C@@H](CCCCN)C(=O)N[C@@H]([C@@H](C)O)C(=O)N1)C(N)=O,"PEPTIDE1{[dY].[dC].F.W.K.T.C.T.[am]}$PEPTIDE1,PEPTIDE1,7:R3-2:R3$$$",Somatostatin receptor type 2,Kd,7.99,10.33,nM,1,B,8
CHEMBL413830,C[C@@H](O)[C@@H]1NC(=O)[C@H](CCCCN)NC(=O)[C@H](Cc2c[nH]c3ccccc23)NC(=O)[C@H](Cc2ccccc2)NC(=O)[C@H](NC(=O)[C@H](N)Cc2ccc(O)cc2)CSSC[C@@H](C(=O)N(C)[C@H](C(N)=O)[C@@H](C)O)NC1=O,"PEPTIDE1{[dY].[dC].F.W.K.T.C.[meT].[am]}$PEPTIDE1,PEPTIDE1,7:R3-2:R3$$$",Somatostatin receptor type 2,Kd,7.58,26.17,nM,1,B,8
CHEMBL384836,C[C@@H](O)[C@H](NC(=O)[C@@H]1CSSC[C@@H](NC(=O)[C@H](N)Cc2ccc(O)cc2)C(=O)N[C@@H](Cc2ccccc2)C(=O)N[C@@H](Cc2c[nH]c3ccccc23)C(=O)N[C@@H](CCCCN)C(=O)N[C@@H]([C@@H](C)O)C(=O)N1C)C(N)=O,"PEPTIDE1{[dY].[dC].F.W.K.T.[meC].T.[am]}$PEPTIDE1,PEPTIDE1,7:R3-2:R3$$$",Somatostatin receptor type 2,Kd,7.25,56.23,nM,1,B,8
CHEMBL437093,C[C@@H](O)[C@H](NC(=O)[C@@H]1CSSC[C@@H](NC(=O)[C@H](N)Cc2ccc(O)cc2)C(=O)N[C@@H](Cc2ccccc2)C(=O)N[C@@H](Cc2c[nH]c3ccccc23)C(=O)N[C@@H](CCCCN)C(=O)N(C)[C@@H]([C@@H](C)O)C(=O)N1)C(N)=O,"PEPTIDE1{[dY].[dC].F.W.K.[meT].C.T.[am]}$PEPTIDE1,PEPTIDE1,7:R3-2:R3$$$",Somatostatin receptor type 2,Kd,7.21,61.35,nM,1,B,8
CHEMBL411017,C[C@@H](O)[C@H](NC(=O)[C@@H]1CSSC[C@@H](NC(=O)[C@H](N)Cc2ccc(O)cc2)C(=O)N[C@@H](Cc2ccccc2)C(=O)N[C@@H](Cc2c[nH]c3ccccc23)C(=O)N(C)[C@@H](CCCCN)C(=O)N[C@@H]([C@@H](C)O)C(=O)N1)C(N)=O,"PEPTIDE1{[dY].[dC].F.W.[meK].T.C.T.[am]}$PEPTIDE1,PEPTIDE1,7:R3-2:R3$$$",Somatostatin receptor type 2,Kd,7.85,14.25,nM,1,B,8
CHEMBL438471,C[C@@H](O)[C@H](NC(=O)[C@@H]1CSSC[C@@H](NC(=O)[C@H](N)Cc2ccc(O)cc2)C(=O)N[C@@H](Cc2ccccc2)C(=O)N(C)[C@@H](Cc2c[nH]c3ccccc23)C(=O)N[C@@H](CCCCN)C(=O)N[C@@H]([C@@H](C)O)C(=O)N1)C(N)=O,"PEPTIDE1{[dY].[dC].F.[meW].K.T.C.T.[am]}$PEPTIDE1,PEPTIDE1,7:R3-2:R3$$$",Somatostatin receptor type 2,Kd,6.92,120.4,nM,1,B,8
CHEMBL386676,C[C@@H](O)[C@H](NC(=O)[C@@H]1CSSC[C@@H](NC(=O)[C@H](N)Cc2ccc(O)cc2)C(=O)N(C)[C@@H](Cc2ccccc2)C(=O)N[C@@H](Cc2c[nH]c3ccccc23)C(=O)N[C@@H](CCCCN)C(=O)N[C@@H]([C@@H](C)O)C(=O)N1)C(N)=O,"PEPTIDE1{[dY].[dC].[meF].W.K.T.C.T.[am]}$PEPTIDE1,PEPTIDE1,7:R3-2:R3$$$",Somatostatin receptor type 2,Kd,7.4,40.09,nM,1,B,8
CHEMBL1824055,C[C@@H](O)[C@@H]1NC(=O)[C@H](CCCCN)NC(=O)[C@H](Cc2c[nH]c3ccccc23)NC(=O)[C@H](Cc2ccccc2)NC(=O)[C@H](Cc2ccccc2)NC(=O)[C@@H](N)CSSC[C@@H](C(=O)O)NC(=O)[C@H](Cc2ccccc2)NC1=O,"PEPTIDE1{C.F.F.W.K.T.F.C}$PEPTIDE1,PEPTIDE1,8:R3-1:R3$$$",Somatostatin receptor type 2,IC50,6.89,130.0,nM,1,B,8
CHEMBL3350912,C[C@@H](O)[C@@H]1NC(=O)[C@H](CCCCN)NC(=O)[C@H](Cc2c[nH]c3ccccc23)NC(=O)[C@H](Cc2ccccc2)NC(=O)[C@H](Cc2ccccc2)NC(=O)[C@@H](N)CSSC[C@@H](C(=O)O)NC(=O)[C@H](Cc2ccc(O)cc2)NC1=O,"PEPTIDE1{C.F.F.W.K.T.Y.C}$PEPTIDE1,PEPTIDE1,8:R3-1:R3$$$",Somatostatin receptor type 2,IC50,7.37,43.0,nM,1,B,8
CHEMBL3350897,C[C@@H](O)[C@@H]1NC(=O)[C@H](CCCCN)NC(=O)[C@H]([C@@H](C)c2c[nH]c3ccccc23)NC(=O)[C@H](Cc2ccccc2)NC(=O)[C@H](Cc2ccccc2)NC(=O)[C@@H](N)CSSC[C@@H](C(=O)O)NC(=O)[C@H](Cc2ccccc2)NC1=O,"PEPTIDE1{C.F.F.[X1212].K.T.F.C}$PEPTIDE1,PEPTIDE1,8:R3-1:R3$$$",Somatostatin receptor type 2,IC50,7.57,27.0,nM,1,B,8
CHEMBL3350885,C[C@H](c1c[nH]c2ccccc12)[C@H]1NC(=O)[C@H](Cc2ccccc2)NC(=O)[C@H](Cc2ccccc2)NC(=O)[C@@H](N)CSSC[C@@H](C(=O)O)NC(=O)[C@H](Cc2ccccc2)NC(=O)[C@H]([C@@H](C)O)NC(=O)[C@H](CCCCN)NC1=O,"PEPTIDE1{C.F.F.[X737].K.T.F.C}$PEPTIDE1,PEPTIDE1,8:R3-1:R3$$$",Somatostatin receptor type 2,IC50,7.4,40.0,nM,1,B,8
CHEMBL452157,C[C@@H](O)[C@@H]1NC(=O)[C@H](CCCCN)NC(=O)[C@@H](Cc2c[nH]c3ccccc23)NC(=O)[C@H](Cc2ccccc2)NC(=O)[C@H](Cc2ccccc2)NC(=O)[C@@H](N)CSSC[C@@H](C(=O)O)NC(=O)[C@H](Cc2ccccc2)NC1=O,"PEPTIDE1{C.F.F.[dW].K.T.F.C}$PEPTIDE1,PEPTIDE1,8:R3-1:R3$$$",Somatostatin receptor type 2,IC50,7.39,41.0,nM,1,B,8
CHEMBL502777,C[C@@H](O)[C@@H]1NC(=O)[C@H](CCCCN)NC(=O)[C@@H](Cc2c[nH]c3ccccc23)NC(=O)[C@H](Cc2ccccc2)NC(=O)[C@H](Cc2ccccc2)NC(=O)[C@@H](N)CSSC[C@H](C(=O)O)NC(=O)[C@H](Cc2ccccc2)NC1=O,"PEPTIDE1{C.F.F.[dW].K.T.F.[dC]}$PEPTIDE1,PEPTIDE1,8:R3-1:R3$$$",Somatostatin receptor type 2,IC50,7.75,18.0,nM,1,B,9
CHEMBL3350911,C[C@@H](O)[C@@H]1NC(=O)[C@H](CCCCN)NC(=O)[C@@H](Cc2c[nH]c3ccccc23)NC(=O)[C@H](Cc2ccccc2)NC(=O)[C@H](Cc2ccccc2)NC(=O)[C@@H](N)CSSC[C@@H](C(=O)O)NC(=O)[C@H](Cc2ccc(O)cc2)NC1=O,"PEPTIDE1{C.F.F.[dW].K.T.Y.C}$PEPTIDE1,PEPTIDE1,8:R3-1:R3$$$",Somatostatin receptor type 2,IC50,7.81,15.5,nM,1,B,8
CHEMBL3350898,C[C@@H](O)[C@@H]1NC(=O)[C@H](CCCCN)NC(=O)[C@H](Cc2c[nH]c3ccccc23)NC(=O)[C@H](Cc2ccc(O)cc2)NC(=O)[C@H](Cc2ccccc2)NC(=O)[C@@H](N)CSSC[C@@H](C(=O)O)NC(=O)[C@H](Cc2ccccc2)NC1=O,"PEPTIDE1{C.F.Y.W.K.T.F.C}$PEPTIDE1,PEPTIDE1,8:R3-1:R3$$$",Somatostatin receptor type 2,IC50,7.27,54.0,nM,1,B,8
CHEMBL3350881,C[C@@H](O)[C@@H]1NC(=O)[C@H](CCCCN)NC(=O)[C@@H](Cc2c[nH]c3ccccc23)NC(=O)[C@H](Cc2ccc(O)cc2)NC(=O)[C@H](Cc2ccccc2)NC(=O)[C@@H](N)CSSC[C@@H](C(=O)O)NC(=O)[C@H](Cc2ccccc2)NC1=O,"PEPTIDE1{C.F.Y.[dW].K.T.F.C}$PEPTIDE1,PEPTIDE1,8:R3-1:R3$$$",Somatostatin receptor type 2,IC50,7.59,25.7,nM,1,B,8
CHEMBL3350899,C[C@@H](O)[C@@H]1NC(=O)[C@H](CCCCN)NC(=O)[C@H](Cc2c[nH]c3ccccc23)NC(=O)[C@H](Cc2ccc(N)cc2)NC(=O)[C@H](Cc2ccccc2)NC(=O)[C@@H](N)CSSC[C@@H](C(=O)O)NC(=O)[C@H](Cc2ccccc2)NC1=O,"PEPTIDE1{C.F.[Phe(4-NH2)].W.K.T.F.C}$PEPTIDE1,PEPTIDE1,8:R3-1:R3$$$",Somatostatin receptor type 2,IC50,6.46,347.0,nM,1,B,8
CHEMBL3350905,C[C@@H](O)[C@@H]1NC(=O)[C@H](CCCCN)NC(=O)[C@H](Cc2c[nH]c3ccccc23)NC(=O)[C@H](Cc2ccc(N)cc2)NC(=O)[C@H](Cc2ccccc2)NC(=O)[C@@H](N)CSSC[C@@H](C(=O)O)NC(=O)[C@H](Cc2ccc(O)cc2)NC1=O,"PEPTIDE1{C.F.[Phe(4-NH2)].W.K.T.Y.C}$PEPTIDE1,PEPTIDE1,8:R3-1:R3$$$",Somatostatin receptor type 2,IC50,6.77,170.0,nM,1,B,8
CHEMBL3350886,C[C@@H](O)[C@@H]1NC(=O)[C@H](CCCCN)NC(=O)[C@@H](Cc2c[nH]c3ccccc23)NC(=O)[C@H](Cc2ccc(N)cc2)NC(=O)[C@H](Cc2ccccc2)NC(=O)[C@@H](N)CSSC[C@@H](C(=O)O)NC(=O)[C@H](Cc2ccccc2)NC1=O,"PEPTIDE1{C.F.[Phe(4-NH2)].[dW].K.T.F.C}$PEPTIDE1,PEPTIDE1,8:R3-1:R3$$$",Somatostatin receptor type 2,IC50,7.15,71.0,nM,1,B,8
CHEMBL504457,CC(=O)N[C@H]1CSSC[C@@H](C(=O)O)NC(=O)[C@H](Cc2ccccc2)NC(=O)[C@H]([C@@H](C)O)NC(=O)[C@H](CCCCN)NC(=O)[C@@H](Cc2c[nH]c3ccccc23)NC(=O)[C@H](Cc2ccccc2)NC(=O)[C@H](Cc2ccccc2)NC1=O,"PEPTIDE1{[ac].C.F.F.[dW].K.T.F.C}$PEPTIDE1,PEPTIDE1,9:R3-2:R3$$$",Somatostatin receptor type 2,IC50,7.31,49.0,nM,1,B,9
CHEMBL503596,CC(=O)N[C@H]1CSSC[C@H](C(=O)O)NC(=O)[C@H](Cc2ccccc2)NC(=O)[C@H]([C@@H](C)O)NC(=O)[C@H](CCCCN)NC(=O)[C@@H](Cc2c[nH]c3ccccc23)NC(=O)[C@H](Cc2ccccc2)NC(=O)[C@H](Cc2ccccc2)NC1=O,"PEPTIDE1{[ac].C.F.F.[dW].K.T.F.[dC]}$PEPTIDE1,PEPTIDE1,9:R3-2:R3$$$",Somatostatin receptor type 2,IC50,8.31,4.9,nM,1,B,9
CHEMBL446380,CC(=O)N[C@@H]1CSSC[C@@H](C(=O)O)NC(=O)[C@H](Cc2ccccc2)NC(=O)[C@H]([C@@H](C)O)NC(=O)[C@H](CCCCN)NC(=O)[C@@H](Cc2c[nH]c3ccccc23)NC(=O)[C@H](Cc2ccccc2)NC(=O)[C@H](Cc2ccccc2)NC1=O,"PEPTIDE1{[ac].[dC].F.F.[dW].K.T.F.C}$PEPTIDE1,PEPTIDE1,9:R3-2:R3$$$",Somatostatin receptor type 2,IC50,8.1,8.0,nM,1,B,9
CHEMBL505854,CC(=O)N[C@@H]1CSSC[C@H](C(=O)O)NC(=O)[C@H](Cc2ccccc2)NC(=O)[C@H]([C@@H](C)O)NC(=O)[C@H](CCCCN)NC(=O)[C@@H](Cc2c[nH]c3ccccc23)NC(=O)[C@H](Cc2ccccc2)NC(=O)[C@H](Cc2ccccc2)NC1=O,"PEPTIDE1{[ac].[dC].F.F.[dW].K.T.F.[dC]}$PEPTIDE1,PEPTIDE1,9:R3-2:R3$$$",Somatostatin receptor type 2,IC50,8.05,9.0,nM,1,B,9
CHEMBL500326,C[C@@H](O)[C@@H]1NC(=O)[C@H](CCCCN)NC(=O)[C@@H](Cc2c[nH]c3ccccc23)NC(=O)[C@H](Cc2ccccc2)NC(=O)[C@H](Cc2ccccc2)NC(=O)[C@H](N)CSSC[C@@H](C(=O)O)NC(=O)[C@H](Cc2ccccc2)NC1=O,"PEPTIDE1{[dC].F.F.[dW].K.T.F.C}$PEPTIDE1,PEPTIDE1,8:R3-1:R3$$$",Somatostatin receptor type 2,IC50,7.84,14.5,nM,1,B,9
CHEMBL3349616,C[C@@H](O)[C@@H]1NC(=O)[C@H](CCCCN)NC(=O)[C@@H](Cc2c[nH]c3ccccc23)NC(=O)[C@H](Cc2ccccc2)NC(=O)[C@H](Cc2ccccc2)NC(=O)[C@H](N)CSSC[C@H](C(N)=O)NC(=O)[C@H](Cc2ccccc2)NC1=O,"PEPTIDE1{[dC].F.F.[dW].K.T.F.[dC].[am]}$PEPTIDE1,PEPTIDE1,8:R3-1:R3$$$",Somatostatin receptor type 2,IC50,7.46,34.8,nM,1,B,8
CHEMBL501776,C[C@@H](O)[C@@H]1NC(=O)[C@H](CCCCN)NC(=O)[C@@H](Cc2c[nH]c3ccccc23)NC(=O)[C@H](Cc2ccccc2)NC(=O)[C@H](Cc2ccccc2)NC(=O)[C@H](N)CSSC[C@H](C(=O)O)NC(=O)[C@H](Cc2ccccc2)NC1=O,"PEPTIDE1{[dC].F.F.[dW].K.T.F.[dC]}$PEPTIDE1,PEPTIDE1,8:R3-1:R3$$$",Somatostatin receptor type 2,IC50,7.96,11.0,nM,1,B,9
CHEMBL265912,C[C@@H](O)[C@H]1NC(=O)[C@H](CCCCN)NC(=O)[C@@H](Cc2c[nH]c3ccccc23)NC(=O)[C@H](Cc2ccccc2)NC(=O)[C@H](Cc2ccccc2)NC(=O)[C@H](N)CSSC[C@@H](C(=O)O)NC(=O)[C@H](Cc2ccccc2)NC1=O,"PEPTIDE1{[dC].F.F.[dW].K.[dalloT].F.C}$PEPTIDE1,PEPTIDE1,8:R3-1:R3$$$",Somatostatin receptor type 2,IC50,7.36,43.8,nM,1,B,8
CHEMBL406816,C[C@@H](O)[C@@H]1NC(=O)[C@@H](CCCCN)NC(=O)[C@H](Cc2c[nH]c3ccccc23)NC(=O)[C@@H](Cc2ccccc2)NC(=O)[C@@H](Cc2ccccc2)NC(=O)[C@H](N)CSSC[C@H](C(=O)O)NC(=O)[C@@H](Cc2ccccc2)NC1=O,"PEPTIDE1{[dC].[dF].[dF].W.[dK].T.[dF].[dC]}$PEPTIDE1,PEPTIDE1,8:R3-1:R3$$$",Somatostatin receptor type 2,IC50,6.89,130.0,nM,1,B,8
CHEMBL425090,C[C@@H](O)[C@@H]1NC(=O)[C@@H](CCCCN)NC(=O)[C@@H](Cc2c[nH]c3ccccc23)NC(=O)[C@@H](Cc2ccccc2)NC(=O)[C@@H](Cc2ccccc2)NC(=O)[C@H](N)CSSC[C@H](C(=O)O)NC(=O)[C@@H](Cc2ccccc2)NC1=O,"PEPTIDE1{[dC].[dF].[dF].[dW].[dK].T.[dF].[dC]}$PEPTIDE1,PEPTIDE1,8:R3-1:R3$$$",Somatostatin receptor type 2,IC50,7.39,41.0,nM,1,B,8
CHEMBL451932,C[C@@H](O)[C@@H]1NC(=O)[C@H](CCCCN)NC(=O)[C@@H](Cc2c[nH]c3ccccc23)NC(=O)[C@H](Cc2ccc(NC(N)=O)cc2)NC(=O)[C@H](NC(=O)[C@H](N)Cc2ccc(Cl)cc2)CSSC[C@@H](C(=O)N[C@@H](CC2CCCCC2)C(N)=O)NC1=O,"PEPTIDE1{[dPhe(4-Cl)].[dC].[X529].[dW].K.T.C.[Cha].[am]}$PEPTIDE1,PEPTIDE1,7:R3-2:R3$$$",Somatostatin receptor type 2,IC50,8.39,4.1,nM,1,B,9
CHEMBL510901,CC(C)C[C@@H]1NC(=O)[C@H](NC(=O)[C@H](N)Cc2ccc(Cl)cc2)CSSC[C@@H](C(=O)N[C@@H](Cc2ccc3ccccc3c2)C(N)=O)NC(=O)[C@H]([C@@H](C)O)NC(=O)[C@H](CCCCN)NC(=O)[C@@H](Cc2c[nH]c3ccccc23)NC1=O,"PEPTIDE1{[dPhe(4-Cl)].[dC].L.[dW].K.T.C.[Nal].[am]}$PEPTIDE1,PEPTIDE1,7:R3-2:R3$$$",Somatostatin receptor type 2,IC50,7.24,58.0,nM,1,B,9
CHEMBL455435,C[C@@H](O)[C@H](NC(=O)[C@H]1CCSSCC[C@@H](NC(=O)[C@H](N)Cc2ccccc2)C(=O)N[C@@H](Cc2ccccc2)C(=O)N[C@H](Cc2c[nH]c3ccccc23)C(=O)N[C@@H](CCCCN)C(=O)N[C@@H]([C@@H](C)O)C(=O)N1)C(N)=O,"PEPTIDE1{[dF].[dHcy].F.[dW].K.T.[dHcy].T.[am]}$PEPTIDE1,PEPTIDE1,7:R3-2:R3$$$",Somatostatin receptor type 2,IC50,8.31,4.9,nM,1,B,9
CHEMBL526550,C[C@@H](O)[C@H](NC(=O)[C@@H]1NC(=O)[C@H]([C@@H](C)O)NC(=O)[C@H](CCCCN)NC(=O)[C@@H](Cc2c[nH]c3ccccc23)NC(=O)[C@H](Cc2ccccc2)NC(=O)[C@H](NC(=O)[C@H](N)Cc2ccccc2)SS1)C(N)=O,"PEPTIDE1{[dF].[X1956].F.[dW].K.T.[X1956].T.[am]}$PEPTIDE1,PEPTIDE1,7:R3-2:R3$$$",Somatostatin receptor type 2,IC50,6.47,337.0,nM,1,B,9
CHEMBL3349523,CC(C)[C@@H]1NC(=O)[C@H](CCCCN)NC(=O)[C@@H](Cc2c[nH]c3ccccc23)NC(=O)[C@H](Cc2ccc(O)cc2)NC(=O)[C@@H](NC(=O)[C@H](N)Cc2ccccc2)CSSC[C@@H](C(=O)N[C@@H](Cc2c[nH]c3ccccc23)C(N)=O)NC1=O,"PEPTIDE1{[dF].C.Y.[dW].K.V.C.W.[am]}$PEPTIDE1,PEPTIDE1,7:R3-2:R3$$$",Somatostatin receptor type 2,Ki,10.1,0.07943,nM,1,B,8
CHEMBL376703,C[C@@H]1NC(=O)[C@@H](NC(=O)[C@H](N)Cc2ccccc2)CSSC[C@@H](C(=O)N[C@H](C(N)=O)[C@@H](C)O)NC(=O)[C@H]([C@@H](C)O)NC(=O)[C@H](CCCCN)NC(=O)[C@@H](Cc2c[nH]c3ccccc23)NC1=O,"PEPTIDE1{[dF].C.A.[dW].K.T.C.T.[am]}$PEPTIDE1,PEPTIDE1,7:R3-2:R3$$$",Somatostatin receptor type 2,IC50,8.44,3.6,nM,1,B,9
CHEMBL265846,C[C@@H](O)[C@H]1NC(=O)[C@H](Cc2ccccc2)NC(=O)[C@@H]([C@@H](C)O)NC(=O)[C@H](Cc2ccc(CN)cc2)NC(=O)[C@@H](Cc2c[nH]c3ccccc23)NC(=O)[C@H](Cc2ccccc2)NC(=O)[C@@H](Cc2ccccc2)NC(=O)[C@@H](CCCCN)NC(=O)[C@H](N)CSSC[C@@H](C(=O)O)NC(=O)[C@H](CO)NC1=O,"PEPTIDE1{[dC].[dK].[dF].F.[dW].[X966].[dalloT].F.[dalloT].S.C}$PEPTIDE1,PEPTIDE1,11:R3-1:R3$$$",Somatostatin receptor type 2,IC50,6.67,213.0,nM,1,B,8
CHEMBL436962,C[C@@H](O)[C@H]1NC(=O)[C@H](Cc2ccccc2)NC(=O)[C@@H]([C@@H](C)O)NC(=O)[C@H](CCCCN)NC(=O)[C@H](Cc2c[nH]c3ccccc23)NC(=O)[C@H](Cc2ccccc2)NC(=O)[C@@H](Cc2ccccc2)NC(=O)[C@H](N)CSSC[C@@H](C(=O)O)NC(=O)[C@H](CO)NC1=O,"PEPTIDE1{[dC].[dF].F.W.K.[dalloT].F.[dalloT].S.C}$PEPTIDE1,PEPTIDE1,10:R3-1:R3$$$",Somatostatin receptor type 2,IC50,7.55,28.0,nM,1,B,9
CHEMBL386784,C[C@@H](O)[C@H]1NC(=O)[C@H](Cc2ccccc2)NC(=O)[C@@H]([C@@H](C)O)NC(=O)[C@H](CCCCN)NC(=O)[C@H](Cc2c[nH]c3ccccc23)NC(=O)[C@H](Cc2ccccc2)NC(=O)[C@@H](Cc2ccccc2)NC(=O)[C@H](N)CSSC[C@@H](C(=O)O)NC1=O,"PEPTIDE1{[dC].[dF].F.W.K.[dalloT].F.[dalloT].C}$PEPTIDE1,PEPTIDE1,9:R3-1:R3$$$",Somatostatin receptor type 2,IC50,8.72,1.9,nM,1,B,9
CHEMBL368304,C[C@@H](O)[C@H]1NC(=O)[C@H](CCCCN)NC(=O)[C@H](Cc2c[nH]c3ccccc23)NC(=O)[C@H](Cc2ccccc2)NC(=O)[C@@H](Cc2ccccc2)NC(=O)[C@H](N)CSSC[C@@H](C(=O)O)NC1=O,"PEPTIDE1{[dC].[dF].F.W.K.[dalloT].C}$PEPTIDE1,PEPTIDE1,7:R3-1:R3$$$",Somatostatin receptor type 2,IC50,6.22,598.0,nM,1,B,9
CHEMBL410047,C[C@@H](O)[C@H]1NC(=O)[C@H](Cc2ccccc2)NC(=O)[C@@H]([C@@H](C)O)NC(=O)[C@H](CCCCN)NC(=O)[C@H](Cc2c[nH]c3ccccc23)NC(=O)[C@H](Cc2ccccc2)NC(=O)[C@@H](Cc2ccccc2)NC(=O)[C@H](CC(N)=O)NC(=O)[C@H](N)CSSC[C@@H](C(=O)O)NC1=O,"PEPTIDE1{[dC].N.[dF].F.W.K.[dalloT].F.[dalloT].C}$PEPTIDE1,PEPTIDE1,10:R3-1:R3$$$",Somatostatin receptor type 2,IC50,8.3,5.0,nM,1,B,9
CHEMBL367125,C[C@@H](O)[C@H]1NC(=O)[C@H](CCCCN)NC(=O)[C@H](Cc2c[nH]c3ccccc23)NC(=O)[C@H](Cc2ccccc2)NC(=O)[C@H](N)CSSC[C@@H](C(=O)O)NC(=O)[C@H](Cc2ccccc2)NC1=O,"PEPTIDE1{[dC].F.W.K.[dalloT].F.C}$PEPTIDE1,PEPTIDE1,7:R3-1:R3$$$",Somatostatin receptor type 2,IC50,6.28,531.0,nM,1,B,9
CHEMBL438726,CC(C)[C@H]1NC(=O)[C@H](CCCCN)NC(=O)[C@@H](Cc2c[nH]c3ccccc23)NC(=O)[C@@H](Cc2ccccn2)NC(=O)[C@@H](NC(=O)[C@@H](N)Cc2c(F)c(F)c(F)c(F)c2F)CSSC[C@H](C(=O)N[C@@H](Cc2c(F)c(F)c(F)c(F)c2F)C(N)=O)NC1=O,"PEPTIDE1{[X733].C.[d2-Pal].[dW].K.[dV].[dC].[X733].[am]}$PEPTIDE1,PEPTIDE1,7:R3-2:R3$$$",Somatostatin receptor type 2,Ki,6.16,692.0,nM,1,B,8
CHEMBL413735,C[C@@H](O)[C@@H]1NC(=O)[C@@H](CCCCN)NC(=O)[C@@H](Cc2c[nH]c3ccccc23)NC(=O)[C@@H](Cc2c[nH]c3ccccc23)NC(=O)[C@H](Cc2ccccc2)NC(=O)CNCCSSCCN(CC(N)=O)C(=O)[C@@H](Cc2ccccc2)NC1=O,"PEPTIDE1{[X518].F.[dW].[dW].[dK].T.[dF].[X518].[am]}$PEPTIDE1,PEPTIDE1,8:R3-1:R3$$$",Somatostatin receptor type 2,IC50,8.39,4.1,nM,1,B,8
CHEMBL2372959,CC(C)[C@@H]1NC(=O)[C@H](CCCCN)NC(=O)[C@@H](Cc2c[nH]c3ccccc23)NC(=O)[C@H](C)NC(=O)[C@@H](NC(=O)[C@@H](N)C2Cc3ccccc3C2)CSSC[C@@H](C(=O)N[C@H](C(N)=O)C2Cc3ccccc3C2)NC1=O,"PEPTIDE1{[X345].C.A.[dW].K.V.C.[X345].[am]}$PEPTIDE1,PEPTIDE1,7:R3-2:R3$$$",Somatostatin receptor type 2,Ki,6.6,252.0,nM,1,B,8
CHEMBL408787,CC(C)[C@@H]1NC(=O)[C@H](CCCCN)NC(=O)[C@@H](Cc2c[nH]c3ccccc23)NC(=O)[C@H](Cc2ccc(O)cc2)NC(=O)[C@@H](NC(=O)[C@@H](N)C(c2ccccc2)c2ccccc2)CSSC[C@@H](C(=O)N[C@H](C(N)=O)C(c2ccccc2)c2ccccc2)NC1=O,"PEPTIDE1{[X28].C.Y.[dW].K.V.C.[X28].[am]}$PEPTIDE1,PEPTIDE1,7:R3-2:R3$$$",Somatostatin receptor type 2,Ki,7.8,16.0,nM,1,B,8
CHEMBL498985,C[C@@H](O)[C@@H]1NC(=O)[C@H](CCCCN)NC(=O)[C@@H](Cc2c[nH]c3ccccc23)NC(=O)[C@H](Cc2ccc(NC(N)=O)cc2)NC(=O)[C@H](NC(=O)[C@@H](Cc2ccc(Cl)cc2)NC(=O)CN2CCN(CC(=O)O)CCN(CC(=O)O)CCN(CC(=O)O)CC2)CSSC[C@@H](C(=O)N[C@@H](Cc2ccc3ccccc3c2)C(N)=O)NC1=O,"PEPTIDE1{[X2159].[dPhe(4-Cl)].[dC].[X529].[dW].K.T.C.[Nal].[am]}$PEPTIDE1,PEPTIDE1,8:R3-3:R3$$$",Somatostatin receptor type 2,IC50,8.01,9.8,nM,1,B,9
CHEMBL526523,C[C@@H](O)[C@@H]1NC(=O)[C@H](CCCCN)NC(=O)[C@@H](Cc2ccc(NC(N)=O)cc2)NC(=O)[C@H](Cc2ccc(O)cc2)NC(=O)[C@H](NC(=O)[C@@H](Cc2ccc([N+](=O)[O-])cc2)NC(=O)CN2CCN(CC(=O)O)CCN(CC(=O)O)CCN(CC(=O)O)CC2)CSSC[C@@H](C(=O)N[C@H](Cc2ccc(O)cc2)C(N)=O)NC1=O,"PEPTIDE1{[X2159].[X1124].[dC].Y.[X547].K.T.C.[dY].[am]}$PEPTIDE1,PEPTIDE1,8:R3-3:R3$$$",Somatostatin receptor type 2,IC50,9.12,0.75,nM,1,B,9
CHEMBL3122125,CCCC[C@H](NC(=O)CNC(=O)[C@H](C)NC(=O)CN1CCN(CC(=O)O)CCN(CC(=O)O)CCN(CC(=O)O)CC1)C(=O)N[C@@H](CCCCN)C(=O)N[C@@H](CC(N)=O)C(=O)N[C@H]1CSSC[C@@H](C(=O)N[C@H](C(=O)N[C@@H](CO)C(=O)NCC(=O)O)[C@@H](C)O)NC(=O)[C@H]([C@@H](C)O)NC(=O)[C@H](CCCCN)NC(=O)[C@@H](Cc2c[nH]c3ccccc23)NC(=O)[C@H](Cc2ccc(O)cc2)NC1=O,"PEPTIDE1{[X2159].A.G.[Nle].K.N.C.Y.[dW].K.T.C.T.S.G}$PEPTIDE1,PEPTIDE1,12:R3-7:R3$$$",Somatostatin receptor type 2,IC50,6.02,946.0,nM,1,B,9
CHEMBL452074,C[C@@H](O)[C@@H]1NC(=O)[C@H](CCCCN)NC(=O)[C@@H](Cc2c[nH]c3ccccc23)NC(=O)[C@H](Cc2ccc(O)cc2)NC(=O)[C@H](NC(=O)[C@H](N)Cc2c[nH]c(C(=O)O)c2)CSSC[C@@H](C(=O)N[C@@H](Cc2ccc3ccccc3c2)C(N)=O)NC1=O,"PEPTIDE1{[X1984].[dC].Y.[dW].K.T.C.[Nal].[am]}$PEPTIDE1,PEPTIDE1,7:R3-2:R3$$$",Somatostatin receptor type 2,IC50,8.24,5.7,nM,1,B,9
CHEMBL455760,C[C@@H](O)[C@@H]1NC(=O)[C@H](CCCCN)NC(=O)[C@@H](Cc2c[nH]c3ccccc23)NC(=O)[C@H](Cc2ccc(O)cc2)NC(=O)[C@@H](NC(=O)[C@H](N)Cc2c[nH]c(C(=O)O)c2)CCSSCC[C@H](C(=O)N[C@@H](Cc2ccc3ccccc3c2)C(N)=O)NC1=O,"PEPTIDE1{[X1984].[Hcy].Y.[dW].K.T.[dHcy].[Nal].[am]}$PEPTIDE1,PEPTIDE1,7:R3-2:R3$$$",Somatostatin receptor type 2,IC50,6.57,267.0,nM,1,B,9
CHEMBL3349663,CC(C)[C@@H]1NC(=O)[C@H](CCCCN)NC(=O)[C@@H](Cc2c[nH]c3ccccc23)NC(=O)[C@H](Cc2cccnc2)NC(=O)[C@H](NC(=O)[C@@H](N)Cc2cccc(-c3ccccc3)c2)CSSC[C@@H](C(=O)N[C@@H](Cc2cccc(-c3ccccc3)c2)C(N)=O)NC1=O,"PEPTIDE1{[X1969].[dC].[3-Pal].[dW].K.V.C.[X1969].[am]}$PEPTIDE1,PEPTIDE1,7:R3-2:R3$$$",Somatostatin receptor type 2,IC50,5.74,1812.0,nM,1,B,8
CHEMBL2079559,CC(C)[C@@H]1NC(=O)[C@H](CCCCN)NC(=O)[C@@H](Cc2c[nH]c3ccccc23)NC(=O)[C@H](Cc2cccnc2)NC(=O)[C@H](NC(=O)[C@@H](N)Cc2cccc(-c3ccccc3)c2)CSSC[C@@H](C(=O)N[C@@H](Cc2ccc3ccccc3c2)C(N)=O)NC1=O,"PEPTIDE1{[X1969].[dC].[3-Pal].[dW].K.V.C.[Nal].[am]}$PEPTIDE1,PEPTIDE1,7:R3-2:R3$$$",Somatostatin receptor type 2,IC50,6.29,509.0,nM,1,B,8
CHEMBL3349668,CC(C)[C@@H]1NC(=O)[C@H](CCCCN)NC(=O)[C@@H](Cc2c[nH]c3ccccc23)NC(=O)[C@H](Cc2c[nH]cn2)NC(=O)[C@H](NC(=O)[C@@H](N)Cc2cccc(-c3ccccc3)c2)CSSC[C@@H](C(=O)N[C@@H](Cc2cccc(-c3ccccc3)c2)C(N)=O)NC1=O,"PEPTIDE1{[X1969].[dC].H.[dW].K.V.C.[X1969].[am]}$PEPTIDE1,PEPTIDE1,7:R3-2:R3$$$",Somatostatin receptor type 2,IC50,6.17,669.0,nM,1,B,8
CHEMBL3349667,CC(C)[C@@H]1NC(=O)[C@H](CCCCN)NC(=O)[C@@H](Cc2c[nH]c3ccccc23)NC(=O)[C@H](Cc2c[nH]cn2)NC(=O)[C@H](NC(=O)[C@@H](N)Cc2cccc(-c3ccccc3)c2)CSSC[C@@H](C(=O)N[C@@H](Cc2ccc3ccccc3c2)C(N)=O)NC1=O,"PEPTIDE1{[X1969].[dC].H.[dW].K.V.C.[Nal].[am]}$PEPTIDE1,PEPTIDE1,7:R3-2:R3$$$",Somatostatin receptor type 2,IC50,6.08,824.0,nM,1,B,8
CHEMBL3349671,CC(C)[C@@H]1NC(=O)[C@H](CCCCN)NC(=O)[C@@H](Cc2c[nH]c3ccccc23)NC(=O)[C@H](Cc2ccc(O)cc2)NC(=O)[C@H](NC(=O)[C@H](N)Cc2ccc(-c3ccccc3)cc2)CSSC[C@@H](C(=O)N[C@@H](Cc2ccc3ccccc3c2)C(N)=O)NC1=O,"PEPTIDE1{[X189].[dC].Y.[dW].K.V.C.[Nal].[am]}$PEPTIDE1,PEPTIDE1,7:R3-2:R3$$$",Somatostatin receptor type 2,IC50,6.1,793.0,nM,1,B,8
CHEMBL3349607,NCCCC[C@@H]1NC(=O)[C@@H](Cc2c[nH]c3ccccc23)NC(=O)[C@H](c2ccccc2)NC(=O)[C@@H]2C[C@@H](OC(=O)NCCN)CN2C(=O)[C@H](Cc2ccccc2)NC(=O)[C@H](Cc2ccc(OCc3ccccc3)cc2)NC1=O,"PEPTIDE1{[X1776].[Phg].[dW].K.[Tyr(Bzl)].F}$PEPTIDE1,PEPTIDE1,6:R2-1:R1$$$",Somatostatin receptor type 2,Ki,9.0,1.0,nM,1,B,8
CHEMBL3349604,NCCCC[C@@H]1NC(=O)[C@@H](Cc2c[nH]c3ccccc23)NC(=O)[C@H](CCCN=C(N)N)NC(=O)[C@@H]2C[C@@H](OC(=O)NCCN)CN2C(=O)[C@H](Cc2ccccc2)NC(=O)[C@H](Cc2ccc(OCc3ccccc3)cc2)NC1=O,"PEPTIDE1{[X1776].R.[dW].K.[Tyr(Bzl)].F}$PEPTIDE1,PEPTIDE1,6:R2-1:R1$$$",Somatostatin receptor type 2,Ki,8.0,10.0,nM,1,B,8
CHEMBL3349601,NCCCC[C@@H]1NC(=O)[C@@H](Cc2c[nH]c3ccccc23)NC(=O)[C@H](Cc2c[nH]cn2)NC(=O)[C@@H]2C[C@@H](OC(=O)NCCN)CN2C(=O)[C@H](Cc2ccccc2)NC(=O)[C@H](Cc2ccc(OCc3ccccc3)cc2)NC1=O,"PEPTIDE1{[X1776].H.[dW].K.[Tyr(Bzl)].F}$PEPTIDE1,PEPTIDE1,6:R2-1:R1$$$",Somatostatin receptor type 2,Ki,9.1,0.7943,nM,1,B,8
CHEMBL264539,CC[C@H](C)[C@H]1NC(=O)[C@H](CCCCN)NC(=O)[C@@H](Cc2c[nH]c3ccccc23)NC(=O)[C@H](Cc2ccc(O)cc2)NC(=O)[C@@H](NC(=O)[C@@H](N)Cc2ccc(-c3ccccc3)cc2)CSSC[C@@H](C(=O)N[C@@H](Cc2ccc(-c3ccccc3)cc2)C(N)=O)NC1=O,"PEPTIDE1{[X114].C.Y.[dW].K.[dalloI].C.[X114].[am]}$PEPTIDE1,PEPTIDE1,7:R3-2:R3$$$",Somatostatin receptor type 2,Ki,5.65,2230.0,nM,1,B,8
CHEMBL2369760,C[C@H](O)[C@H]1NC(=O)[C@@H](N)CCNC(=O)[C@@H](Cc2c[nH]c3ccccc23)NC(=O)[C@H](Cc2cccnc2)NC(=O)[C@H](NC(=O)[C@@H](N)Cc2ccc(Cl)cc2)CSSC[C@@H](C(=O)N[C@@H](Cc2ccc3ccccc3c2)C(N)=O)NC1=O,"PEPTIDE1{[Phe(4-Cl)].[dC].[3-Pal].[dW]}|PEPTIDE2{[Dab].[dT].C.[Nal].[am]}$PEPTIDE2,PEPTIDE1,3:R3-2:R3|PEPTIDE2,PEPTIDE1,1:R3-4:R2$$$",Somatostatin receptor type 2,Ki,6.5,317.0,nM,1,B,8
CHEMBL2369735,C[C@H](O)[C@H]1NC(=O)[C@H](CCCCN)N(C)C(=O)[C@@H](Cc2c[nH]c3ccccc23)NC(=O)[C@H](Cc2cccnc2)NC(=O)[C@@H](NC(=O)[C@@H](N)Cc2ccc(Cl)cc2)CSSC[C@H](C(=O)N[C@@H](Cc2c[nH]c3ccccc23)C(N)=O)NC1=O,"PEPTIDE1{[Phe(4-Cl)].C.[3-Pal].[dW].[meK].[dT].[dC].W.[am]}$PEPTIDE1,PEPTIDE1,7:R3-2:R3$$$",Somatostatin receptor type 2,Ki,8.26,5.45,nM,1,B,8
CHEMBL3349665,CC(C)[C@@H]1NC(=O)[C@H](CCCCN)NC(=O)[C@@H](Cc2c[nH]c3ccccc23)NC(=O)[C@H](Cc2cccnc2)NC(=O)[C@H](NC(=O)[C@@H](N)Cc2ccc3ccccc3c2)CSSC[C@@H](C(=O)N[C@@H](Cc2cccc(-c3ccccc3)c2)C(N)=O)NC1=O,"PEPTIDE1{[Nal].[dC].[3-Pal].[dW].K.V.C.[X1969].[am]}$PEPTIDE1,PEPTIDE1,7:R3-2:R3$$$",Somatostatin receptor type 2,IC50,6.45,355.0,nM,1,B,8
CHEMBL3349664,CC(C)[C@@H]1NC(=O)[C@H](CCCCN)NC(=O)[C@@H](Cc2c[nH]c3ccccc23)NC(=O)[C@H](Cc2ccc(O)cc2)NC(=O)[C@H](NC(=O)[C@@H](N)Cc2ccc3ccccc3c2)CSSC[C@@H](C(=O)N[C@@H](Cc2ccc(O)cc2)C(N)=O)NC1=O,"PEPTIDE1{[Nal].[dC].Y.[dW].K.V.C.Y.[am]}$PEPTIDE1,PEPTIDE1,7:R3-2:R3$$$",Somatostatin receptor type 2,IC50,7.63,23.4,nM,1,B,8
CHEMBL3349666,CC(C)[C@@H]1NC(=O)[C@H](CCCCN)NC(=O)[C@@H](Cc2c[nH]c3ccccc23)NC(=O)[C@H](Cc2c[nH]cn2)NC(=O)[C@H](NC(=O)[C@@H](N)Cc2ccc3ccccc3c2)CSSC[C@@H](C(=O)N[C@@H](Cc2cccc(-c3ccccc3)c2)C(N)=O)NC1=O,"PEPTIDE1{[Nal].[dC].H.[dW].K.V.C.[X1969].[am]}$PEPTIDE1,PEPTIDE1,7:R3-2:R3$$$",Somatostatin receptor type 2,IC50,7.75,17.8,nM,1,B,8
CHEMBL3349678,CC(C)[C@@H]1NC(=O)[C@H](CCCCN)NC(=O)[C@@H](Cc2c[nH]c3ccccc23)NC(=O)[C@H](Cc2c[nH]cn2)NC(=O)[C@H](NC(=O)[C@@H](N)Cc2ccc3ccccc3c2)CSSC[C@@H](C(=O)N[C@@H](Cc2ccc3ccccc3c2)C(N)=O)NC1=O,"PEPTIDE1{[Nal].[dC].H.[dW].K.V.C.[Nal].[am]}$PEPTIDE1,PEPTIDE1,7:R3-2:R3$$$",Somatostatin receptor type 2,IC50,7.08,82.5,nM,1,B,8
CHEMBL2369758,C[C@H](O)[C@H]1NC(=O)[C@H](CCCCN)N(C)C(=O)[C@@H](Cc2c[nH]c3ccccc23)NC(=O)[C@H](Cc2cccnc2)NC(=O)[C@@H](NC(=O)[C@@H](N)Cc2ccc3ccccc3c2)CSSC[C@H](C(=O)N[C@@H](Cc2c[nH]c3ccccc23)C(N)=O)NC1=O,"PEPTIDE1{[Nal].C.[3-Pal].[dW].[meK].[dT].[dC].W.[am]}$PEPTIDE1,PEPTIDE1,7:R3-2:R3$$$",Somatostatin receptor type 2,Ki,7.56,27.3,nM,1,B,8
CHEMBL412859,CC(C)[C@H]1NC(=O)[C@H](CCCCN)NC(=O)[C@@H](Cc2c[nH]c3ccccc23)NC(=O)[C@H](Cc2cccnc2)NC(=O)[C@@H](NC(=O)[C@@H](N)Cc2ccc3ccccc3c2)CSSC[C@H](C(=O)N[C@H](C(N)=O)C(c2ccccc2)c2ccccc2)NC1=O,"PEPTIDE1{[Nal].C.[3-Pal].[dW].K.[dV].[dC].[X28].[am]}$PEPTIDE1,PEPTIDE1,7:R3-2:R3$$$",Somatostatin receptor type 2,Ki,7.43,37.0,nM,1,B,8
CHEMBL2369757,C[C@H](O)[C@H]1NC(=O)[C@H](CCCCN)N(C)C(=O)[C@@H](Cc2c[nH]c3ccccc23)NC(=O)[C@H](Cc2cccnc2)NC(=O)[C@@H](NC(=O)[C@@H](N)Cc2cccnc2)CSSC[C@H](C(=O)N[C@@H](Cc2c[nH]c3ccccc23)C(N)=O)NC1=O,"PEPTIDE1{[3-Pal].C.[3-Pal].[dW].[meK].[dT].[dC].W.[am]}$PEPTIDE1,PEPTIDE1,7:R3-2:R3$$$",Somatostatin receptor type 2,Ki,7.61,24.7,nM,1,B,8
CHEMBL2372699,C[C@@H](O)[C@@H]1NC(=O)[C@@H](CCCCN)NC(=O)[C@@H](Cc2c[nH]c3ccccc23)NC(=O)[C@@H](Cc2c[nH]c3ccccc23)NC(=O)[C@H](Cc2ccccc2)NC(=O)CN(C(=O)[C@@H](N)Cc2cccc3ccccc23)CCSSCCN(CC(N)=O)C(=O)[C@@H](Cc2ccccc2)NC1=O,"PEPTIDE1{[1-Nal].[X518].F.[dW].[dW].[dK].T.[dF].[X518].[am]}$PEPTIDE1,PEPTIDE1,9:R3-2:R3$$$",Somatostatin receptor type 2,IC50,8.08,8.4,nM,1,B,8
CHEMBL2052017,C[C@@H](O)[C@@H]1NC(=O)[C@H](Cc2ccccc2)NC(=O)[C@@H]2CCCN2C(=O)[C@H](Cc2ccc(O)cc2)NC(=O)[C@@H](Cc2c[nH]c3ccccc23)NC(=O)[C@H](CCCCN)NC1=O,"PEPTIDE1{T.K.[dW].Y.P.F}$PEPTIDE1,PEPTIDE1,6:R2-1:R1$$$",Somatostatin receptor type 2,Ki,9.3,0.5,nM,1,B,9
CHEMBL442494,CSCC[C@H](NC(=O)[C@H](C)NC(=O)[C@@H]1CCCN1C(=O)[C@H](CC(N)=O)NC(=O)[C@H](CO)NC(=O)[C@H](CC(N)=O)NC(=O)[C@H](C)NC(=O)[C@@H](N)CO)C(=O)N[C@@H](C)C(=O)N1CCC[C@H]1C(=O)N[C@@H](CCCN=C(N)N)C(=O)N[C@@H](CCC(=O)O)C(=O)N[C@@H](CCCN=C(N)N)C(=O)N[C@@H](CCCCN)C(=O)N[C@@H](C)C(=O)NCC(=O)N[C@@H]1CSSC[C@@H](C(=O)O)NC(=O)[C@H](CO)NC(=O)[C@@H]([C@@H](C)O)NC(=O)[C@H](Cc2ccccc2)NC(=O)[C@@H]([C@@H](C)O)NC(=O)[C@H](CCCCN)NC(=O)[C@@H](Cc2c[nH]c3ccccc23)NC(=O)[C@H](Cc2ccccc2)NC(=O)[C@@H](Cc2ccccc2)NC(=O)[C@H](CC(N)=O)NC(=O)[C@@H](CCCCN)NC1=O,"PEPTIDE1{S.A.N.S.N.P.A.M.A.P.R.E.R.K.A.G.[dC].[dK].N.[dF].F.[dW].K.[dalloT].F.[dalloT].S.C}$PEPTIDE1,PEPTIDE1,28:R3-17:R3$$$",Somatostatin receptor type 2,Ki,9.51,0.31,nM,1,B,8
CHEMBL1907758,CSCC[C@H](NC(=O)[C@H](C)NC(=O)[C@@H]1CCCN1C(=O)[C@H](CC(N)=O)NC(=O)[C@H](CO)NC(=O)[C@H](CC(N)=O)NC(=O)[C@H](C)NC(=O)[C@@H](N)CO)C(=O)N[C@@H](C)C(=O)N1CCC[C@H]1C(=O)N[C@@H](CCCN=C(N)N)C(=O)N[C@@H](CCC(=O)O)C(=O)N[C@@H](CCCN=C(N)N)C(=O)N[C@@H](CCCCN)C(=O)N[C@@H](C)C(=O)NCC(=O)N[C@H]1CSSC[C@@H](C(=O)O)NC(=O)[C@H](CO)NC(=O)[C@H]([C@H](C)O)NC(=O)[C@H](Cc2ccccc2)NC(=O)[C@H]([C@H](C)O)NC(=O)[C@H](CCCCN)NC(=O)[C@H](Cc2cc3ccccc3[nH]2)NC(=O)[C@H](Cc2ccccc2)NC(=O)[C@H](Cc2ccccc2)NC(=O)[C@H](CC(N)=O)NC(=O)[C@H](CCCCN)NC1=O,"PEPTIDE1{S.A.N.S.N.P.A.M.A.P.R.E.R.K.A.G.C.K.N.F.F.[X507].K.[lalloT].F.[lalloT].S.C}$PEPTIDE1,PEPTIDE1,28:R3-17:R3$$$",Somatostatin receptor type 2,IC50,8.64,3.3,nM,1,B,8
CHEMBL2372712,C[C@@H](O)[C@@H]1NC(=O)[C@@H](CCCCN)NC(=O)[C@@H](Cc2c[nH]c3ccccc23)NC(=O)[C@@H](Cc2c[nH]c3ccccc23)NC(=O)[C@H](Cc2ccccc2)NC(=O)CN(C(=O)[C@@H](N)Cc2ccccc2)CCSSCCN(CC(N)=O)C(=O)[C@@H](Cc2ccccc2)NC1=O,"PEPTIDE1{F.[X518].F.[dW].[dW].[dK].T.[dF].[X518].[am]}$PEPTIDE1,PEPTIDE1,9:R3-2:R3$$$",Somatostatin receptor type 2,IC50,8.6,2.5,nM,1,B,8
CHEMBL2372713,C[C@@H](O)[C@@H]1NC(=O)[C@@H](CCCCN)NC(=O)[C@@H](Cc2c[nH]c3ccccc23)NC(=O)[C@@H](Cc2c[nH]c3ccccc23)NC(=O)[C@H](Cc2ccccc2)NC(=O)[C@@H](N)CSSCCN(CC(N)=O)C(=O)[C@@H](Cc2ccccc2)NC1=O,"PEPTIDE1{C.F.[dW].[dW].[dK].T.[dF].[X518].[am]}$PEPTIDE1,PEPTIDE1,8:R3-1:R3$$$",Somatostatin receptor type 2,IC50,8.28,5.2,nM,1,B,8
CHEMBL3350907,C[C@@H](O)[C@@H]1NC(=O)[C@H](CCCCN)NC(=O)[C@@H](Cc2c[nH]c3ccccc23)NC(=O)N(C)[C@@H](C(=O)c2ccccc2)NC(=O)[C@H](Cc2ccccc2)NC(=O)[C@@H](N)CSSC[C@@H](C(=O)O)NC(=O)[C@H](Cc2ccccc2)NC1=O,"PEPTIDE1{C.F.[X2186].K.T.F.C}$PEPTIDE1,PEPTIDE1,7:R3-1:R3$$$",Somatostatin receptor type 2,IC50,6.34,460.0,nM,1,B,8
CHEMBL3350906,C[C@@H]1NC(=O)[C@H](Cc2ccccc2)NC(=O)[C@@H](N)CSSC[C@@H](C(=O)O)NC(=O)[C@H](C)NC(=O)[C@H]([C@@H](C)O)NC(=O)[C@H](CCCCN)NC(=O)[C@@H](Cc2c[nH]c3ccccc23)NC1=O,"PEPTIDE1{C.F.A.[dW].K.T.A.C}$PEPTIDE1,PEPTIDE1,8:R3-1:R3$$$",Somatostatin receptor type 2,IC50,6.02,962.0,nM,1,B,8
CHEMBL1791304,C[C@H](N)C(=O)NCC(=O)N[C@H]1CSSC[C@@H](C(=O)O)NC(=O)[C@H](CO)NC(=O)[C@@H]([C@H](C)O)NC(=O)[C@H](Cc2ccccc2)NC(=O)[C@@H]([C@H](C)O)NC(=O)[C@@H](CCCCN)NC(=O)[C@H](Cc2c[nH]c3ccccc23)NC(=O)[C@@H](Cc2ccccc2)NC(=O)[C@H](Cc2cnccn2)NC(=O)[C@@H](CC(N)=O)NC(=O)[C@H](CCCCN)NC1=O,"PEPTIDE1{A.G.C.K.[dN].[X2034].[dF].W.[dK].[dT].F.[dT].S.C}$PEPTIDE1,PEPTIDE1,14:R3-3:R3$$$",Somatostatin receptor type 2,Ki,9.0,1.0,nM,1,B,9
CHEMBL1791312,C[C@H](N)C(=O)NCC(=O)N[C@H]1CSSC[C@@H](C(=O)O)NC(=O)[C@H](CO)NC(=O)[C@@H]([C@H](C)O)NC(=O)[C@H](Cc2cnccn2)NC(=O)[C@@H]([C@H](C)O)NC(=O)[C@@H](CCCCN)NC(=O)[C@H](Cc2c[nH]c3ccccc23)NC(=O)[C@@H](Cc2ccccc2)NC(=O)[C@H](Cc2ccccc2)NC(=O)[C@@H](CC(N)=O)NC(=O)[C@H](CCCCN)NC1=O,"PEPTIDE1{A.G.C.K.[dN].F.[dF].W.[dK].[dT].[X2034].[dT].S.C}$PEPTIDE1,PEPTIDE1,14:R3-3:R3$$$",Somatostatin receptor type 2,Ki,9.0,1.0,nM,1,B,9
CHEMBL1824054,C[C@H](N)C(=O)NCC(=O)N[C@H]1CSSC[C@@H](C(=O)O)NC(=O)[C@H](CO)NC(=O)[C@H]([C@@H](C)O)NC(=O)[C@H](Cc2ccccc2)NC(=O)[C@H]([C@@H](C)O)NC(=O)[C@H](CCCCN)NC(=O)[C@@H](Cc2cn(Cc3ccccc3)cn2)NC(=O)[C@H](Cc2ccccc2)NC(=O)[C@H](Cc2ccccc2)NC(=O)[C@H](CC(N)=O)NC(=O)[C@H](CCCCN)NC1=O,"PEPTIDE1{A.G.C.K.N.F.F.[X115].K.T.F.T.S.C}$PEPTIDE1,PEPTIDE1,14:R3-3:R3$$$",Somatostatin receptor type 2,IC50,6.97,106.0,nM,1,B,9
CHEMBL1643385,C[C@H](N)C(=O)NCC(=O)N[C@H]1CSS[C@H](C(=O)O)NC(=O)[C@H](CO)NC(=O)[C@H]([C@@H](C)O)NC(=O)[C@H](Cc2ccccc2)NC(=O)[C@H]([C@@H](C)O)NC(=O)[C@H](CCCCN)NC(=O)[C@H](Cc2c[nH]c3ccccc23)NC(=O)[C@H](Cc2ccccc2)NC(=O)[C@H](Cc2ccccc2)NC(=O)[C@H](CC(N)=O)NC(=O)[C@H](CCCCN)NC1=O,"PEPTIDE1{A.G.C.K.N.F.F.W.K.T.F.T.S.[X1956]}$PEPTIDE1,PEPTIDE1,14:R3-3:R3$$$",Somatostatin receptor type 2,IC50,9.4,0.4,nM,1,B,8
CHEMBL3349515,C[C@H](N)C(=O)NCC(=O)N[C@H]1CSSC[C@@H](C(N)=O)NC(=O)[C@H](CO)NC(=O)[C@H]([C@@H](C)O)NC(=O)[C@H](Cc2ccccc2)NC(=O)[C@H]([C@@H](C)O)NC(=O)[C@H](CCCCN)NC(=O)[C@H](C)NC(=O)[C@H](Cc2ccccc2)NC(=O)[C@H](Cc2ccccc2)NC(=O)[C@H](CC(N)=O)NC(=O)[C@H](CCCCN)NC1=O,"PEPTIDE1{A.G.C.K.N.F.F.A.K.T.F.T.S.C.[am]}$PEPTIDE1,PEPTIDE1,14:R3-3:R3$$$",Somatostatin receptor type 2,Ki,6.0,1000.0,nM,1,B,8
